DROP TABLE IF EXISTS `server_admin`;
CREATE TABLE `server_admin` (
  `id` int(10) unsigned NOT NULL AUTO_INCREMENT,
  `name` varchar(150) COLLATE utf8mb4_unicode_ci NOT NULL DEFAULT '',
  `nickname` varchar(150) CHARACTER SET utf8mb4 NOT NULL DEFAULT '' COMMENT '昵称',
  `email` varchar(255) COLLATE utf8mb4_unicode_ci NOT NULL,
  `password` char(32) COLLATE utf8mb4_unicode_ci NOT NULL DEFAULT '',
  `salt` char(6) COLLATE utf8mb4_unicode_ci DEFAULT NULL COMMENT '密码盐',
  `avatar` varchar(16) COLLATE utf8mb4_unicode_ci DEFAULT NULL COMMENT '头像',
  `remark` mediumtext COLLATE utf8mb4_unicode_ci DEFAULT NULL COMMENT '备注信息',
  `status` tinyint(1) NOT NULL DEFAULT 1 COMMENT '状态:1-启用 2-禁用',
  `created_at` timestamp NULL DEFAULT NULL,
  `updated_at` timestamp NULL DEFAULT NULL,
  PRIMARY KEY (`id`)
) ENGINE=MyISAM AUTO_INCREMENT=3 DEFAULT CHARSET=utf8mb4 COLLATE=utf8mb4_unicode_ci ROW_FORMAT=DYNAMIC;

#
# Data for table "server_admin"
#

/*!40000 ALTER TABLE `server_admin` DISABLE KEYS */;
INSERT INTO `server_admin` VALUES (1,'admin','管理员','admin@serverlog.com','16e42b2dcb70841470495c6bf59a6c98','v7aQct','6f053cb1899cf52c','后台管理员',1,'2021-03-31 01:12:59','2021-04-19 15:53:50'),(2,'serverlog','serverlog','serverlog@admin.com','73a7d862fe32ee950c78962e99a0a116','SaltF1','06f1d8c410bdafb6','serverlog',1,'2021-03-31 03:24:27','2021-03-31 03:25:00');
/*!40000 ALTER TABLE `server_admin` ENABLE KEYS */;

#
# Structure for table "server_attachment"
#

DROP TABLE IF EXISTS `server_attachment`;
CREATE TABLE `server_attachment` (
  `id` char(32) COLLATE utf8mb4_unicode_ci NOT NULL DEFAULT '',
  `name` varchar(50) COLLATE utf8mb4_unicode_ci NOT NULL DEFAULT '' COMMENT '文件名',
  `path` varchar(255) COLLATE utf8mb4_unicode_ci NOT NULL DEFAULT '' COMMENT '文件路径',
  `mime` varchar(100) COLLATE utf8mb4_unicode_ci NOT NULL DEFAULT '' COMMENT '文件mime类型',
  `ext` varchar(10) COLLATE utf8mb4_unicode_ci NOT NULL DEFAULT '' COMMENT '文件类型',
  `size` varchar(100) COLLATE utf8mb4_unicode_ci NOT NULL DEFAULT '0' COMMENT '文件大小',
  `md5` char(32) COLLATE utf8mb4_unicode_ci NOT NULL DEFAULT '' COMMENT '文件md5',
  `sha1` char(40) COLLATE utf8mb4_unicode_ci NOT NULL DEFAULT '' COMMENT 'sha1 散列值',
  `driver` varchar(16) COLLATE utf8mb4_unicode_ci NOT NULL DEFAULT 'public' COMMENT '上传驱动',
  `add_time` int(10) DEFAULT 0 COMMENT '添加时间',
  `add_ip` varchar(50) COLLATE utf8mb4_unicode_ci DEFAULT '' COMMENT '添加IP',
  `created_at` timestamp NULL DEFAULT NULL,
  `updated_at` timestamp NULL DEFAULT NULL,
  PRIMARY KEY (`id`)
) ENGINE=MyISAM DEFAULT CHARSET=utf8mb4 COLLATE=utf8mb4_unicode_ci ROW_FORMAT=DYNAMIC COMMENT='附件表';

#
# Data for table "server_attachment"
#

/*!40000 ALTER TABLE `server_attachment` DISABLE KEYS */;
INSERT INTO `server_attachment` VALUES ('6f053cb1899cf52c','Koala.jpg','images/5b25d6315815f70975f9f60f6494406e.jpg','image/jpeg','jpg','780831','2b04df3ecc1d94afddff082d139c6f15','9c3dcb1f9185a314ea25d51aed3b5881b32f420c','public',1618818828,'172.19.0.2','2021-04-19 15:53:48','2021-04-19 15:53:48');
/*!40000 ALTER TABLE `server_attachment` ENABLE KEYS */;

#
# Structure for table "server_model_has_permissions"
#

DROP TABLE IF EXISTS `server_model_has_permissions`;
CREATE TABLE `server_model_has_permissions` (
  `permission_id` bigint(20) unsigned NOT NULL,
  `model_type` varchar(190) COLLATE utf8mb4_unicode_ci NOT NULL,
  `model_id` bigint(20) unsigned NOT NULL,
  PRIMARY KEY (`permission_id`,`model_id`,`model_type`),
  KEY `model_has_permissions_model_id_model_type_index` (`model_id`,`model_type`)
) ENGINE=MyISAM DEFAULT CHARSET=utf8mb4 COLLATE=utf8mb4_unicode_ci;

#
# Data for table "server_model_has_permissions"
#

/*!40000 ALTER TABLE `server_model_has_permissions` DISABLE KEYS */;
/*!40000 ALTER TABLE `server_model_has_permissions` ENABLE KEYS */;

#
# Structure for table "server_model_has_roles"
#

DROP TABLE IF EXISTS `server_model_has_roles`;
CREATE TABLE `server_model_has_roles` (
  `role_id` bigint(20) unsigned NOT NULL,
  `model_type` varchar(190) COLLATE utf8mb4_unicode_ci NOT NULL,
  `model_id` bigint(20) unsigned NOT NULL,
  PRIMARY KEY (`role_id`,`model_id`,`model_type`),
  KEY `model_has_roles_model_id_model_type_index` (`model_id`,`model_type`)
) ENGINE=MyISAM DEFAULT CHARSET=utf8mb4 COLLATE=utf8mb4_unicode_ci;

#
# Data for table "server_model_has_roles"
#

/*!40000 ALTER TABLE `server_model_has_roles` DISABLE KEYS */;
INSERT INTO `server_model_has_roles` VALUES (5,'admin',2);
/*!40000 ALTER TABLE `server_model_has_roles` ENABLE KEYS */;

#
# Structure for table "server_operation_log"
#

DROP TABLE IF EXISTS `server_operation_log`;
CREATE TABLE `server_operation_log` (
  `id` char(16) CHARACTER SET utf8mb4 NOT NULL DEFAULT '' COMMENT '日志ID',
  `admin_id` char(32) COLLATE utf8mb4_unicode_ci NOT NULL DEFAULT '0' COMMENT '管理账号ID',
  `admin_name` varchar(250) CHARACTER SET utf8mb4 DEFAULT '' COMMENT '管理账号',
  `method` varchar(250) COLLATE utf8mb4_unicode_ci NOT NULL DEFAULT '' COMMENT '请求类型',
  `url` text COLLATE utf8mb4_unicode_ci NOT NULL,
  `info` text COLLATE utf8mb4_unicode_ci DEFAULT NULL COMMENT '内容信息',
  `useragent` text COLLATE utf8mb4_unicode_ci DEFAULT NULL COMMENT 'User-Agent',
  `ip` varchar(50) COLLATE utf8mb4_unicode_ci NOT NULL DEFAULT '0',
  `create_time` int(10) DEFAULT 0 COMMENT '添加时间',
  PRIMARY KEY (`id`)
) ENGINE=MyISAM DEFAULT CHARSET=utf8mb4 COLLATE=utf8mb4_unicode_ci ROW_FORMAT=DYNAMIC COMMENT='操作日志';

#
# Data for table "server_operation_log"
#

/*!40000 ALTER TABLE `server_operation_log` DISABLE KEYS */;
INSERT INTO `server_operation_log` VALUES ('01c22f77832f1ded','1','admin','GET','http://serverlog.php1000.com/admin/index?','[]',NULL,'172.19.0.7',1619357316),('0260d42956f2c8eb','1','admin','GET','http://serverlog.php1000.com/admin/index/dashboard?','[]',NULL,'172.19.0.4',1619440815),('0279dcf00dabfa85','1','admin','GET','http://serverlog.php1000.com/admin/admin/index?','[]',NULL,'172.19.0.7',1619624247),('02d1228b209c0113','1','admin','GET','http://serverlog.php1000.com/admin/index?','[]',NULL,'172.19.0.7',1618814887),('03c7b9f9bd43b4dc','1','admin','GET','http://serverlog.php1000.com/admin/server-log/logs/index?','[]',NULL,'172.19.0.7',1619622230),('049246f741a1ab91','1','admin','GET','http://serverlog.php1000.com/admin/server-log/logs/index?','[]',NULL,'172.19.0.7',1619445836),('0554660c9f66f46b','0','','POST','http://serverlog.php1000.com/admin/passport/login?','{\n    \"name\": \"admin\",\n    \"captcha\": \"xjmu\"\n}',NULL,'172.19.0.7',1619706591),('0668780d7ce31c0f','1','admin','GET','http://serverlog.php1000.com/admin/server-log/logs/index?','[]',NULL,'172.19.0.7',1618815151),('0699e23bb075561b','1','admin','GET','http://serverlog.php1000.com/admin/server-log/app/index-data?limit=15&page=1','{\n    \"page\": \"1\",\n    \"limit\": \"15\"\n}',NULL,'172.19.0.7',1619622198),('07081f10f36da4d9','1','admin','GET','http://serverlog.php1000.com/admin/index?','[]',NULL,'172.19.0.7',1619622346),('07bfdb2362a8ec64','0','','GET','http://serverlog.php1000.com/admin/passport/login?','[]',NULL,'172.19.0.7',1619706583),('08138acb26299c7e','1','admin','GET','http://serverlog.php1000.com/admin/index?','[]',NULL,'172.19.0.7',1619535683),('09436a53f73c9890','1','admin','GET','http://serverlog.php1000.com/admin/index/menu?','[]',NULL,'172.19.0.7',1619356346),('097481072498d8ad','1','admin','GET','http://serverlog.php1000.com/admin/index?','[]',NULL,'172.19.0.7',1619358902),('09e13a8523ed55fc','1','admin','GET','http://serverlog.php1000.com/admin/index/dashboard?','[]',NULL,'172.19.0.7',1619279760),('0a6c745b059f9e2a','1','admin','GET','http://serverlog.php1000.com/admin/index?','[]',NULL,'172.19.0.7',1619360271),('0b00c2573809ae6c','1','admin','GET','http://serverlog.php1000.com/admin/server-log/app/index-data?limit=15&page=1','{\n    \"page\": \"1\",\n    \"limit\": \"15\"\n}',NULL,'172.19.0.7',1619356347),('0b404970670dd317','1','admin','GET','http://serverlog.php1000.com/admin/index?','[]',NULL,'172.19.0.7',1619279586),('0bd816dc991f183f','0','','POST','http://serverlog.php1000.com/admin/passport/login?','{\n    \"name\": \"admin\",\n    \"captcha\": \"szw7\"\n}',NULL,'172.19.0.4',1619440810),('0cb1a8517a02bf17','1','admin','GET','http://serverlog.php1000.com/admin/server-log/app/update?id=815966c394a81c01','{\n    \"id\": \"815966c394a81c01\"\n}',NULL,'172.19.0.7',1619356202),('0cbd6b585a223582','1','admin','GET','http://serverlog.php1000.com/admin/server-log/logs/index?','[]',NULL,'172.19.0.7',1619357126),('0cf57e0c9afe5130','1','admin','GET','http://serverlog.php1000.com/admin/index?','[]',NULL,'172.19.0.7',1619356186),('0cfd819ef90e315b','1','admin','GET','http://serverlog.php1000.com/admin/server-log/logs/index?','[]',NULL,'172.19.0.7',1619538118),('0d1ef03967a4da2b','0','','GET','http://serverlog.php1000.com/admin/passport/captcha?','[]',NULL,'172.19.0.7',1619535403),('0d5683ce049561d5','1','admin','GET','http://serverlog.php1000.com/admin/server-log/logs/index?','[]',NULL,'172.19.0.7',1619624827),('0d68d7ecb6db1337','1','admin','GET','http://serverlog.php1000.com/admin/server-log/logs/index?','[]',NULL,'172.19.0.7',1619279816),('0ddb0a28f7b07d8b','1','admin','GET','http://serverlog.php1000.com/admin/server-log/logs/index?','[]',NULL,'172.19.0.7',1619624052),('0eb45bd724fa28d1','0','','GET','http://serverlog.php1000.com/admin/passport/captcha?','[]',NULL,'172.19.0.7',1618814692),('0ec4ff427880f055','1','admin','GET','http://serverlog.php1000.com/admin/index/dashboard?','[]',NULL,'172.19.0.7',1619445836),('10769d180db5b3d0','1','admin','GET','http://serverlog.php1000.com/admin/admin/password?id=2','{\n    \"id\": \"2\"\n}',NULL,'172.19.0.7',1619624087),('10af265597c883f0','0','','POST','http://serverlog.php1000.com/admin/passport/login?','{\n    \"name\": \"admin\",\n    \"captcha\": \"DTV9\"\n}',NULL,'172.19.0.2',1619447310),('114f9edbe37c3f52','1','admin','GET','http://serverlog.php1000.com/admin/index?','[]',NULL,'172.19.0.7',1619707104),('11cb0bac9f43b9fb','1','admin','GET','http://serverlog.php1000.com/admin/server-log/app/index?','[]',NULL,'172.19.0.7',1619707736),('122f9dcacc256400','1','admin','GET','http://serverlog.php1000.com/admin/server-log/logs/index-data?limit=15&page=1','{\n    \"page\": \"1\",\n    \"limit\": \"15\"\n}',NULL,'172.19.0.7',1619622231),('138e0bd83e5523c0','1','admin','GET','http://serverlog.php1000.com/admin/server-log/logs/index-data?limit=15&page=1','{\n    \"page\": \"1\",\n    \"limit\": \"15\"\n}',NULL,'172.19.0.2',1618820205),('13b4edb23b0568b7','1','admin','GET','http://serverlog.php1000.com/admin/index/dashboard?','[]',NULL,'172.19.0.2',1618819494),('14069c368c786987','1','admin','GET','http://serverlog.php1000.com/admin/server-log/logs/index?','[]',NULL,'172.19.0.7',1619623330),('14410bbe2adfff2f','1','admin','GET','http://serverlog.php1000.com/admin/attachment/index?','[]',NULL,'172.19.0.7',1619358755),('144a3e2129b832d0','1','admin','GET','http://serverlog.php1000.com/admin/index?','[]',NULL,'172.19.0.3',1620399408),('14b22765ae9bdc00','1','admin','GET','http://serverlog.php1000.com/admin/server-log/logs/index?','[]',NULL,'172.19.0.7',1618815126),('14ec02c3ffc6d029','1','admin','GET','http://serverlog.php1000.com/admin/server-log/logs/index?','[]',NULL,'172.19.0.2',1618818917),('152b840f4cb546fc','1','admin','GET','http://serverlog.php1000.com/admin/server-log/logs/index-data?limit=15&page=1','{\n    \"page\": \"1\",\n    \"limit\": \"15\"\n}',NULL,'172.19.0.7',1619445837),('1827776bf8d7caf5','1','admin','GET','http://serverlog.php1000.com/admin/server-log/logs/index-data?limit=15&page=1','{\n    \"page\": \"1\",\n    \"limit\": \"15\"\n}',NULL,'172.19.0.6',1619621217),('18b88c11458aa4ba','1','admin','GET','http://serverlog.php1000.com/admin/admin/index-data?limit=15&page=1','{\n    \"page\": \"1\",\n    \"limit\": \"15\"\n}',NULL,'172.19.0.7',1619622203),('18ce088feabfb421','1','admin','GET','http://serverlog.php1000.com/admin/index/dashboard?','[]',NULL,'172.19.0.7',1619624052),('19682797add9f78e','1','admin','GET','http://serverlog.php1000.com/admin/index/dashboard?','[]',NULL,'172.19.0.7',1619535684),('19aae67c666ad7d1','1','admin','GET','http://serverlog.php1000.com/admin/index/menu?','[]',NULL,'172.19.0.7',1618815743),('19b93d93597f5d67','1','admin','GET','http://serverlog.php1000.com/admin/server-log/logs/index?','[]',NULL,'172.19.0.7',1618815664),('1aa0aed5a761a9c9','1','admin','GET','http://serverlog.php1000.com/admin/index?','[]',NULL,'172.19.0.7',1619622524),('1b03e60cd6a04178','1','admin','GET','http://serverlog.php1000.com/admin/index/menu?','[]',NULL,'172.19.0.7',1619622224),('1c85bf8d2fc6a8f7','1','admin','GET','http://serverlog.php1000.com/admin/index/dashboard?','[]',NULL,'172.19.0.7',1618814863),('1d5ee55ce682f99a','1','admin','GET','http://serverlog.php1000.com/admin/index/dashboard?','[]',NULL,'172.19.0.7',1619622836),('1d829cbb74bc610a','1','admin','GET','http://serverlog.php1000.com/admin/index/dashboard?','[]',NULL,'172.19.0.7',1619279905),('1f22d6d4ad8e07de','1','admin','GET','http://serverlog.php1000.com/admin/server-log/logs/index-data?limit=15&page=1','{\n    \"page\": \"1\",\n    \"limit\": \"15\"\n}',NULL,'172.19.0.7',1619279569),('1f8ae1c7b022e823','0','','GET','http://serverlog.php1000.com/admin/passport/captcha?','[]',NULL,'172.19.0.7',1619356178),('1ff05ebbf7b845f1','1','admin','GET','http://serverlog.php1000.com/admin/index?','[]',NULL,'172.19.0.2',1618819640),('2046522019a588bf','1','admin','GET','http://serverlog.php1000.com/admin/index?','[]',NULL,'172.19.0.7',1618820887),('20975b9fff88371d','1','admin','GET','http://serverlog.php1000.com/admin/server-log/logs/index-data?limit=15&page=1','{\n    \"page\": \"1\",\n    \"limit\": \"15\"\n}',NULL,'172.19.0.7',1618820889),('20a62494dfd4c076','1','admin','GET','http://serverlog.php1000.com/admin/index/menu?','[]',NULL,'172.19.0.7',1619279568),('20e399b9fe533b1c','1','admin','GET','http://serverlog.php1000.com/admin/server-log/logs/index-data?limit=15&page=1','{\n    \"page\": \"1\",\n    \"limit\": \"15\"\n}',NULL,'172.19.0.7',1619622837),('2142cdda2f37d413','1','admin','GET','http://serverlog.php1000.com/admin/index/menu?','[]',NULL,'172.19.0.2',1618820203),('216dd7ea399a62e8','1','admin','GET','http://serverlog.php1000.com/admin/server-log/logs/index-data?limit=15&page=1','{\n    \"page\": \"1\",\n    \"limit\": \"15\"\n}',NULL,'172.19.0.7',1619535685),('226d11027fd6991d','1','admin','GET','http://serverlog.php1000.com/admin/index?','[]',NULL,'172.19.0.2',1618820503),('2361bf6bd37427a0','1','admin','GET','http://serverlog.php1000.com/admin/index/dashboard?','[]',NULL,'172.19.0.7',1618814701),('246dadc0dbbb2828','1','admin','GET','http://serverlog.php1000.com/admin/index/menu?','[]',NULL,'172.19.0.7',1619707419),('25343a9b8e5ad8cf','1','admin','GET','http://serverlog.php1000.com/admin/server-log/logs/index-data?limit=15&page=1','{\n    \"page\": \"1\",\n    \"limit\": \"15\"\n}',NULL,'172.19.0.7',1619622192),('2545a39a5ba1ac7c','1','admin','GET','http://serverlog.php1000.com/admin/server-log/logs/index-data?limit=15&page=1','{\n    \"page\": \"1\",\n    \"limit\": \"15\"\n}',NULL,'172.19.0.7',1619708106),('254a74b6aaa8c3c2','1','admin','GET','http://serverlog.php1000.com/admin/index/menu?','[]',NULL,'172.19.0.7',1619279586),('260ce7fb4e9b2150','1','admin','GET','http://serverlog.php1000.com/admin/index?','[]',NULL,'172.19.0.7',1619622835),('26f3ff8542744ffc','1','admin','GET','http://serverlog.php1000.com/admin/index?','[]',NULL,'172.19.0.7',1618814861),('2765ae634a82b23d','1','admin','GET','http://serverlog.php1000.com/admin/server-log/logs/index-data?limit=15&page=1','{\n    \"page\": \"1\",\n    \"limit\": \"15\"\n}',NULL,'172.19.0.7',1619279760),('27718e01654dff5f','0','','GET','http://serverlog.php1000.com/admin/passport/captcha?','[]',NULL,'172.19.0.2',1619447302),('27bf06f079f8fd9a','1','admin','GET','http://serverlog.php1000.com/admin/server-log/logs/index-data?limit=15&page=1','{\n    \"page\": \"1\",\n    \"limit\": \"15\"\n}',NULL,'172.19.0.7',1619622690),('2853d9a938793381','0','','GET','http://serverlog.php1000.com/admin/passport/captcha?','[]',NULL,'172.19.0.3',1620399392),('2a0eaed7603218df','1','admin','GET','http://serverlog.php1000.com/admin/server-log/logs/index-data?limit=15&page=1','{\n    \"page\": \"1\",\n    \"limit\": \"15\"\n}',NULL,'172.19.0.7',1618814705),('2ac66ed3aede76be','1','admin','GET','http://serverlog.php1000.com/admin/index/menu?','[]',NULL,'172.19.0.7',1618815663),('2afe6a1f31ef6410','1','admin','POST','http://serverlog.php1000.com/admin/operation-log/delete?','{\n    \"id\": [\n        \"a9f104387ea967e6\",\n        \"c62733a2559db14a\",\n        \"c16298b827061e3a\"\n    ]\n}',NULL,'172.19.0.2',1618818904),('2b87e9a096fd4e02','1','admin','GET','http://serverlog.php1000.com/admin/index?','[]',NULL,'172.19.0.4',1619440814),('2c15250ba317fbf3','1','admin','GET','http://serverlog.php1000.com/admin/index/menu?','[]',NULL,'172.19.0.7',1619624534),('2c9530f0649c8c4a','1','admin','GET','http://serverlog.php1000.com/admin/server-log/logs/index-data?limit=15&page=1','{\n    \"page\": \"1\",\n    \"limit\": \"15\"\n}',NULL,'172.19.0.2',1618819642),('2d43482048219976','1','admin','GET','http://serverlog.php1000.com/admin/attachment/index-data?limit=15&page=1','{\n    \"page\": \"1\",\n    \"limit\": \"15\"\n}',NULL,'172.19.0.7',1619358551),('2e396612690c34e5','1','admin','GET','http://serverlog.php1000.com/admin/server-log/logs/index?','[]',NULL,'172.19.0.7',1619622191),('2f294eeb29674ea1','1','admin','GET','http://serverlog.php1000.com/admin/index/dashboard?','[]',NULL,'172.19.0.7',1619358755),('2f728a1e0c0a1e63','1','admin','GET','http://serverlog.php1000.com/admin/operation-log/index-data?limit=15&page=1','{\n    \"page\": \"1\",\n    \"limit\": \"15\"\n}',NULL,'172.19.0.7',1618815198),('308b885c798ce35c','1','admin','GET','http://serverlog.php1000.com/admin/server-log/logs/index?','[]',NULL,'172.19.0.7',1619357012),('310231cd692dbc88','1','admin','GET','http://serverlog.php1000.com/admin/index/menu?','[]',NULL,'172.19.0.7',1619442540),('315f1f97b28a7645','1','admin','GET','http://serverlog.php1000.com/admin/server-log/logs/detail?id=db38ea732c815969','{\n    \"id\": \"db38ea732c815969\"\n}',NULL,'172.19.0.7',1619707739),('31f1e0e18458fd6b','1','admin','GET','http://serverlog.php1000.com/admin/index?','[]',NULL,'172.19.0.7',1619623643),('330e7225aab8ec87','0','','POST','http://serverlog.php1000.com/admin/passport/login?','{\n    \"name\": \"admin\",\n    \"captcha\": \"4r9q\"\n}',NULL,'172.19.0.7',1619279358),('33cb4d042310dc1b','1','admin','GET','http://serverlog.php1000.com/admin/index/menu?','[]',NULL,'172.19.0.7',1618814888),('34b7e9872fbfd75b','1','admin','GET','http://serverlog.php1000.com/admin/index?','[]',NULL,'172.19.0.7',1619358754),('3574d129f631947b','0','','POST','http://serverlog.php1000.com/admin/passport/login?','{\n    \"name\": \"admin\",\n    \"captcha\": \"b3jf\"\n}',NULL,'172.19.0.7',1619358541),('35c980c0e1d83168','1','admin','GET','http://serverlog.php1000.com/admin/attachment/index-data?limit=15&page=1','{\n    \"page\": \"1\",\n    \"limit\": \"15\"\n}',NULL,'172.19.0.7',1619622201),('35d9d4cdd58cdc31','0','','POST','http://serverlog.php1000.com/admin/passport/login?','{\n    \"name\": \"admin\",\n    \"captcha\": \"wq61\"\n}',NULL,'172.19.0.6',1619621201),('36002082cad40437','1','admin','GET','http://serverlog.php1000.com/admin/index/menu?','[]',NULL,'172.19.0.7',1619707104),('361c6e5f85463a93','1','admin','GET','http://serverlog.php1000.com/admin/server-log/logs/index?','[]',NULL,'172.19.0.7',1618815191),('37098df2a73f4ebf','1','admin','GET','http://serverlog.php1000.com/admin/index/menu?','[]',NULL,'172.19.0.2',1618820499),('371790b536cfa87c','1','admin','GET','http://serverlog.php1000.com/admin/index/menu?','[]',NULL,'172.19.0.2',1618819252),('379fb5511a105525','1','admin','GET','http://serverlog.php1000.com/admin/index/dashboard?','[]',NULL,'172.19.0.4',1619623122),('37dd749f82b9f2e5','1','admin','GET','http://serverlog.php1000.com/admin/server-log/logs/index?','[]',NULL,'172.19.0.2',1618820504),('38c6d896558cdd44','1','admin','GET','http://serverlog.php1000.com/admin/index?','[]',NULL,'172.19.0.7',1618821185),('391854f6d6144785','1','admin','GET','http://serverlog.php1000.com/admin/index/menu?','[]',NULL,'172.19.0.7',1619444624),('3a19a84108f38634','1','admin','GET','http://serverlog.php1000.com/admin/operation-log/index-data?limit=15&page=1','{\n    \"page\": \"1\",\n    \"limit\": \"15\"\n}',NULL,'172.19.0.7',1619358550),('3a44aa822534697c','1','admin','GET','http://serverlog.php1000.com/admin/server-log/logs/index-data?limit=15&page=1','{\n    \"page\": \"1\",\n    \"limit\": \"15\"\n}',NULL,'172.19.0.2',1619446069),('3ab7732677a528e7','1','admin','GET','http://serverlog.php1000.com/admin/index/dashboard?','[]',NULL,'172.19.0.7',1619623330),('3b823c84192f3470','1','admin','GET','http://serverlog.php1000.com/admin/index?','[]',NULL,'172.19.0.7',1619444623),('3bba5c681e5f91c5','1','admin','GET','http://serverlog.php1000.com/admin/index/dashboard?','[]',NULL,'172.19.0.7',1619622525),('3c0a57d237f78edd','1','admin','GET','http://serverlog.php1000.com/admin/server-log/logs/index-data?limit=15&page=1','{\n    \"page\": \"1\",\n    \"limit\": \"15\"\n}',NULL,'172.19.0.7',1619279387),('3c30eec0f53b8ce3','1','admin','GET','http://serverlog.php1000.com/admin/server-log/logs/detail?id=db38ea732c815969','{\n    \"id\": \"db38ea732c815969\"\n}',NULL,'172.19.0.7',1619536221),('3c8831744499ce53','1','admin','GET','http://serverlog.php1000.com/admin/operation-log/index-data?limit=15&page=1','{\n    \"page\": \"1\",\n    \"limit\": \"15\"\n}',NULL,'172.19.0.7',1619361996),('3c9fe3a4545a9853','0','','GET','http://serverlog.php1000.com/admin/passport/login?','[]',NULL,'172.19.0.7',1619279345),('3cbf77847e10517e','1','admin','GET','http://serverlog.php1000.com/admin/admin/index-data?limit=15&page=1','{\n    \"page\": \"1\",\n    \"limit\": \"15\"\n}',NULL,'172.19.0.7',1619279906),('3d2430cee384e349','0','','GET','http://serverlog.php1000.com/admin/passport/captcha?','[]',NULL,'172.19.0.7',1619358531),('3d729d8d19fe0b09','1','admin','GET','http://serverlog.php1000.com/admin/index/dashboard?','[]',NULL,'172.19.0.7',1618814888),('3d8cac2b915b2cf7','0','','POST','http://serverlog.php1000.com/admin/passport/login?','{\n    \"name\": \"admin\",\n    \"captcha\": \"36jx\"\n}',NULL,'172.19.0.7',1619356182),('3d8dc32ac24b9101','1','admin','GET','http://serverlog.php1000.com/admin/index/dashboard?','[]',NULL,'172.19.0.7',1618815056),('4022c05507a252be','1','admin','GET','http://serverlog.php1000.com/admin/index?','[]',NULL,'172.19.0.7',1619279759),('4056418cc688cd91','1','admin','GET','http://serverlog.php1000.com/admin/server-log/logs/index?','[]',NULL,'172.19.0.7',1619280200),('4074b0fd093aea63','1','admin','GET','http://serverlog.php1000.com/admin/index/menu?','[]',NULL,'172.19.0.7',1619441655),('409da735988c9cc6','1','admin','GET','http://serverlog.php1000.com/admin/index?','[]',NULL,'172.19.0.7',1619706595),('40ac9706894faf02','1','admin','GET','http://serverlog.php1000.com/admin/index?','[]',NULL,'172.19.0.7',1619622391),('40f9bf0fbad81d0d','1','admin','GET','http://serverlog.php1000.com/admin/index/menu?','[]',NULL,'172.19.0.7',1618815338),('41ee901833ae6a92','1','admin','GET','http://serverlog.php1000.com/admin/index/menu?','[]',NULL,'172.19.0.7',1618820887),('4210858ffe48576a','1','admin','GET','http://serverlog.php1000.com/admin/index/dashboard?','[]',NULL,'172.19.0.7',1618815664),('421746568f49a0e0','1','admin','GET','http://serverlog.php1000.com/admin/index/dashboard?','[]',NULL,'172.19.0.7',1619622230),('4248b2a1f9b01044','1','admin','GET','http://serverlog.php1000.com/admin/server-log/logs/index-data?limit=15&page=1','{\n    \"page\": \"1\",\n    \"limit\": \"15\"\n}',NULL,'172.19.0.7',1618815881),('4316566512df6dff','1','admin','GET','http://serverlog.php1000.com/admin/index/dashboard?','[]',NULL,'172.19.0.6',1619621205),('4331ab4f5fba7970','1','admin','GET','http://serverlog.php1000.com/admin/index?','[]',NULL,'172.19.0.7',1618815151),('43810bdde20e47d1','1','admin','GET','http://serverlog.php1000.com/admin/index?','[]',NULL,'172.19.0.2',1618818970),('438b4c0efc8fc248','1','admin','GET','http://serverlog.php1000.com/admin/index?','[]',NULL,'172.19.0.7',1619536187),('43a32cb9c2020479','1','admin','GET','http://serverlog.php1000.com/admin/index/menu?','[]',NULL,'172.19.0.7',1618814872),('4413a910a1ca739e','1','admin','GET','http://serverlog.php1000.com/admin/index/menu?','[]',NULL,'172.19.0.7',1619624051),('441c648a7e2ee69e','1','admin','GET','http://serverlog.php1000.com/admin/server-log/logs/index?','[]',NULL,'172.19.0.7',1619535814),('442ff8a3056fc538','1','admin','GET','http://serverlog.php1000.com/admin/attachment/detail?id=6f053cb1899cf52c','{\n    \"id\": \"6f053cb1899cf52c\"\n}',NULL,'172.19.0.7',1619358760),('44bb87db94233ebd','0','','GET','http://serverlog.php1000.com/admin/passport/login?','[]',NULL,'172.19.0.2',1619447299),('45445b373d37c737','1','admin','GET','http://serverlog.php1000.com/admin/server-log/app/index-data?limit=15&page=1','{\n    \"page\": \"1\",\n    \"limit\": \"15\"\n}',NULL,'172.19.0.7',1619707736),('45be497c7363aec7','1','admin','GET','http://serverlog.php1000.com/admin/index/menu?','[]',NULL,'172.19.0.2',1619446068),('45e80a7640d7db73','1','admin','GET','http://serverlog.php1000.com/admin/server-log/logs/index-data?limit=15&page=1','{\n    \"page\": \"1\",\n    \"limit\": \"15\"\n}',NULL,'172.19.0.2',1618820505),('468a452140ceb26f','1','admin','GET','http://serverlog.php1000.com/admin/index?','[]',NULL,'172.19.0.7',1619537170),('46d9b55909c1d2df','1','admin','GET','http://serverlog.php1000.com/admin/attachment/index?','[]',NULL,'172.19.0.7',1619357328),('486d120eccd3f7d4','1','admin','GET','http://serverlog.php1000.com/admin/index/menu?','[]',NULL,'172.19.0.2',1619447317),('4871e2e4a928eff3','1','admin','GET','http://serverlog.php1000.com/admin/server-log/logs/index-data?limit=15&page=1','{\n    \"page\": \"1\",\n    \"limit\": \"15\"\n}',NULL,'172.19.0.7',1618814949),('4878a405619e9117','1','admin','GET','http://serverlog.php1000.com/admin/index?','[]',NULL,'172.19.0.7',1619622190),('4965cee6fddf7ac0','1','admin','GET','http://serverlog.php1000.com/admin/server-log/logs/index?','[]',NULL,'172.19.0.7',1618814862),('499c1f3ed4d24aec','1','admin','GET','http://serverlog.php1000.com/admin/server-log/logs/index?','[]',NULL,'172.19.0.7',1619442174),('499e3d4e5ba2a34f','1','admin','GET','http://serverlog.php1000.com/admin/index/dashboard?','[]',NULL,'172.19.0.7',1619707420),('4a0277ab7f00b48a','1','admin','GET','http://serverlog.php1000.com/admin/index/menu?','[]',NULL,'172.19.0.7',1619360272),('4a23f6eda0177d8c','1','admin','GET','http://serverlog.php1000.com/admin/server-log/app/index?','[]',NULL,'172.19.0.7',1619280212),('4a7d63937f7a06d8','1','admin','GET','http://serverlog.php1000.com/admin/index/dashboard?','[]',NULL,'172.19.0.3',1620399409),('4a964bc89fe97595','1','admin','GET','http://serverlog.php1000.com/admin/index?','[]',NULL,'172.19.0.7',1618815742),('4aed2e876e54b486','1','admin','GET','http://serverlog.php1000.com/admin/index?','[]',NULL,'172.19.0.7',1619445836),('4bb941fd68683682','1','admin','GET','http://serverlog.php1000.com/admin/index?','[]',NULL,'172.19.0.7',1619624246),('4bcaa05b26994702','1','admin','GET','http://serverlog.php1000.com/admin/server-log/app/index-data?limit=15&page=1','{\n    \"page\": \"1\",\n    \"limit\": \"15\"\n}',NULL,'172.19.0.7',1618814704),('4c10e919195af132','1','admin','GET','http://serverlog.php1000.com/admin/server-log/logs/index-data?limit=15&page=1','{\n    \"page\": \"1\",\n    \"limit\": \"15\"\n}',NULL,'172.19.0.2',1618820501),('4d532d0d050b89e8','1','admin','GET','http://serverlog.php1000.com/admin/server-log/logs/index-data?limit=15&page=1','{\n    \"page\": \"1\",\n    \"limit\": \"15\"\n}',NULL,'172.19.0.7',1618815050),('4e29dd500195c55f','1','admin','GET','http://serverlog.php1000.com/admin/index/dashboard?','[]',NULL,'172.19.0.7',1619537170),('4f10ecb2863ae0a9','1','admin','GET','http://serverlog.php1000.com/admin/index/dashboard?','[]',NULL,'172.19.0.7',1619622393),('4f18d1b1fa82689c','1','admin','GET','http://serverlog.php1000.com/admin/server-log/logs/index-data?limit=15&page=1','{\n    \"page\": \"1\",\n    \"limit\": \"15\"\n}',NULL,'172.19.0.7',1618815057),('4f6c99b8ce363328','1','admin','GET','http://serverlog.php1000.com/admin/index/menu?','[]',NULL,'172.19.0.7',1618815049),('4f8bb6bd6008f6cc','1','admin','GET','http://serverlog.php1000.com/admin/server-log/logs/index-data?limit=15&page=1','{\n    \"page\": \"1\",\n    \"limit\": \"15\"\n}',NULL,'172.19.0.7',1619357127),('4fb7a2b66a9bfa26','1','admin','GET','http://serverlog.php1000.com/admin/server-log/logs/index-data?limit=15&page=1','{\n    \"page\": \"1\",\n    \"limit\": \"15\"\n}',NULL,'172.19.0.7',1619356190),('51051e6255020262','1','admin','GET','http://serverlog.php1000.com/admin/index?','[]',NULL,'172.19.0.7',1619624050),('51277982a6096480','1','admin','GET','http://serverlog.php1000.com/admin/index/dashboard?','[]',NULL,'172.19.0.7',1619624827),('5151fe2598c6e126','1','admin','GET','http://serverlog.php1000.com/admin/server-log/logs/index?','[]',NULL,'172.19.0.2',1618820204),('515971a943979941','1','admin','GET','http://serverlog.php1000.com/admin/admin/index-data?limit=15&page=1','{\n    \"page\": \"1\",\n    \"limit\": \"15\"\n}',NULL,'172.19.0.7',1619279828),('517b5f0996bf352b','1','admin','GET','http://serverlog.php1000.com/admin/attachment/index-data?limit=15&page=1','{\n    \"page\": \"1\",\n    \"limit\": \"15\"\n}',NULL,'172.19.0.7',1618815196),('51867d6879e51d62','1','admin','GET','http://serverlog.php1000.com/admin/index?','[]',NULL,'172.19.0.2',1618819252),('519c467b67f422ff','1','admin','GET','http://serverlog.php1000.com/admin/index/dashboard?','[]',NULL,'172.19.0.7',1619441959),('51c19da7a046855a','1','admin','GET','http://serverlog.php1000.com/admin/index?','[]',NULL,'172.19.0.7',1619279904),('523805ff942414c1','1','admin','GET','http://serverlog.php1000.com/admin/index/menu?','[]',NULL,'172.19.0.7',1618814700),('5383fc3aa82b2575','1','admin','GET','http://serverlog.php1000.com/admin/server-log/logs/index-data?limit=15&page=1','{\n    \"page\": \"1\",\n    \"limit\": \"15\"\n}',NULL,'172.19.0.7',1618814863),('539e08e59787d375','1','admin','GET','http://serverlog.php1000.com/admin/server-log/app/index-data?limit=15&page=1','{\n    \"page\": \"1\",\n    \"limit\": \"15\"\n}',NULL,'172.19.0.7',1619280212),('54499e7be3700fbc','1','admin','GET','http://serverlog.php1000.com/admin/index/dashboard?','[]',NULL,'172.19.0.7',1619358903),('54e82f8116df81fa','1','admin','GET','http://serverlog.php1000.com/admin/server-log/logs/index-data?limit=15&page=1','{\n    \"page\": \"1\",\n    \"limit\": \"15\"\n}',NULL,'172.19.0.2',1618819254),('553094632dba4849','1','admin','GET','http://serverlog.php1000.com/admin/index/menu?','[]',NULL,'172.19.0.7',1619357011),('5538f5ce78070ddf','1','admin','GET','http://serverlog.php1000.com/admin/index/dashboard?','[]',NULL,'172.19.0.7',1619360273),('55871b49e7de33be','1','admin','GET','http://serverlog.php1000.com/admin/index/dashboard?','[]',NULL,'172.19.0.7',1618815880),('565ba271dc2bdf50','1','admin','GET','http://serverlog.php1000.com/admin/index/dashboard?','[]',NULL,'172.19.0.7',1618815338),('56871c65765f9a1d','1','admin','GET','http://serverlog.php1000.com/admin/index/menu?','[]',NULL,'172.19.0.7',1618815191),('56c5471976dc00fe','1','admin','GET','http://serverlog.php1000.com/admin/index/menu?','[]',NULL,'172.19.0.3',1620399409),('56e5bd4f97f95a74','1','admin','GET','http://serverlog.php1000.com/admin/index?','[]',NULL,'172.19.0.7',1619442539),('575f8256b97ff58e','1','admin','GET','http://serverlog.php1000.com/admin/index?','[]',NULL,'172.19.0.7',1619706835),('57a853f7663955dd','0','','GET','http://serverlog.php1000.com/admin/passport/captcha?','[]',NULL,'172.19.0.2',1619447300),('589007d9d661ce76','1','admin','GET','http://serverlog.php1000.com/admin/index/dashboard?','[]',NULL,'172.19.0.7',1619624535),('58ab40006276277e','1','admin','GET','http://serverlog.php1000.com/admin/server-log/app/index-data?limit=15&page=1','{\n    \"page\": \"1\",\n    \"limit\": \"15\"\n}',NULL,'172.19.0.7',1619536217),('58b83e1a6ad04b4c','1','admin','GET','http://serverlog.php1000.com/admin/server-log/logs/index?','[]',NULL,'172.19.0.7',1619623645),('5923ff4958390903','1','admin','GET','http://serverlog.php1000.com/admin/server-log/logs/index?','[]',NULL,'172.19.0.7',1619622224),('5993d8e1e798ba6d','1','admin','GET','http://serverlog.php1000.com/admin/server-log/logs/index?','[]',NULL,'172.19.0.4',1619623122),('5a94210a200cb8a5','1','admin','GET','http://serverlog.php1000.com/admin/index/dashboard?','[]',NULL,'172.19.0.7',1619279587),('5b169414aa22cbff','1','admin','GET','http://serverlog.php1000.com/admin/server-log/logs/index-data?limit=15&page=1','{\n    \"page\": \"1\",\n    \"limit\": \"15\"\n}',NULL,'172.19.0.7',1619624053),('5b37905edfe4abad','1','admin','GET','http://serverlog.php1000.com/admin/server-log/logs/index-data?limit=15&page=1','{\n    \"page\": \"1\",\n    \"limit\": \"15\"\n}',NULL,'172.19.0.7',1619357323),('5bc532eddd034f5e','1','admin','GET','http://serverlog.php1000.com/admin/index/dashboard?','[]',NULL,'172.19.0.7',1619622689),('5bfeb813b8fc0370','1','admin','GET','http://serverlog.php1000.com/admin/server-log/app/index?','[]',NULL,'172.19.0.7',1618814704),('5cc7c274b8a076b5','1','admin','GET','http://serverlog.php1000.com/admin/index?','[]',NULL,'172.19.0.2',1619446067),('5d0453b74e20c024','1','admin','GET','http://serverlog.php1000.com/admin/index?','[]',NULL,'172.19.0.7',1619537061),('5dda170b8687dc3e','1','admin','GET','http://serverlog.php1000.com/admin/index?','[]',NULL,'172.19.0.7',1619357125),('5e72f0a0860fd41b','1','admin','GET','http://serverlog.php1000.com/admin/server-log/logs/index-data?limit=15&page=1','{\n    \"page\": \"1\",\n    \"limit\": \"15\"\n}',NULL,'172.19.0.7',1619624253),('5ebee4b90d86fe35','1','admin','GET','http://serverlog.php1000.com/admin/operation-log/index-data?limit=15&page=1','{\n    \"page\": \"1\",\n    \"limit\": \"15\"\n}',NULL,'172.19.0.7',1619622202),('5eee64e0efa779f4','1','admin','GET','http://serverlog.php1000.com/admin/server-log/logs/index?','[]',NULL,'172.19.0.2',1618819494),('5f342d7a644f9751','1','admin','GET','http://serverlog.php1000.com/admin/server-log/app/index?','[]',NULL,'172.19.0.7',1619280202),('6039bd4020372051','1','admin','GET','http://serverlog.php1000.com/admin/index/menu?','[]',NULL,'172.19.0.7',1619536050),('61326f8b9edb55d3','1','admin','GET','http://serverlog.php1000.com/admin/index/dashboard?','[]',NULL,'172.19.0.7',1619279363),('621b8b71866ba22b','1','admin','GET','http://serverlog.php1000.com/admin/index/dashboard?','[]',NULL,'172.19.0.7',1619441656),('62566a70126632fd','1','admin','GET','http://serverlog.php1000.com/admin/operation-log/index-data?limit=15&page=1','{\n    \"page\": \"1\",\n    \"limit\": \"15\"\n}',NULL,'172.19.0.2',1618818908),('625d10eb8bb96d9c','1','admin','GET','http://serverlog.php1000.com/admin/index/dashboard?','[]',NULL,'172.19.0.7',1619442540),('62ed538b3cd0d574','0','','GET','http://serverlog.php1000.com/admin/passport/login?','[]',NULL,'172.19.0.7',1619444599),('6370962d02335142','1','admin','GET','http://serverlog.php1000.com/admin/server-log/app/index-data?limit=15&page=1','{\n    \"page\": \"1\",\n    \"limit\": \"15\"\n}',NULL,'172.19.0.7',1619357320),('63ad6de4ae6b662b','1','admin','GET','http://serverlog.php1000.com/admin/server-log/logs/index?','[]',NULL,'172.19.0.7',1619622215),('6465808a6d6d02e5','0','','POST','http://serverlog.php1000.com/admin/passport/login?','{\n    \"name\": \"admin\",\n    \"captcha\": \"3ufk\"\n}',NULL,'172.19.0.3',1620399404),('6600aaad1d760b57','1','admin','GET','http://serverlog.php1000.com/admin/index/dashboard?','[]',NULL,'172.19.0.7',1619706837),('66ad812be40da68d','1','admin','GET','http://serverlog.php1000.com/admin/server-log/logs/index?','[]',NULL,'172.19.0.7',1618815049),('67c10c28d596b24c','1','admin','GET','http://serverlog.php1000.com/admin/index/menu?','[]',NULL,'172.19.0.7',1619442173),('67cb0fee3f821b09','1','admin','GET','http://serverlog.php1000.com/admin/index/menu?','[]',NULL,'172.19.0.7',1618814948),('68daa992711c651a','1','admin','GET','http://serverlog.php1000.com/admin/index/menu?','[]',NULL,'172.19.0.7',1619358755),('68fd31565099e62c','1','admin','GET','http://serverlog.php1000.com/admin/index?','[]',NULL,'172.19.0.7',1618815190),('69606e66ad67092e','1','admin','GET','http://serverlog.php1000.com/admin/index?','[]',NULL,'172.19.0.4',1619623121),('69e71ee9f1c3b501','0','','POST','http://serverlog.php1000.com/admin/passport/login?','{\n    \"name\": \"admin\",\n    \"captcha\": \"5hlq\"\n}',NULL,'172.19.0.7',1619535395),('69f55c09fe34dd7c','0','','GET','http://serverlog.php1000.com/admin/passport/login?','[]',NULL,'172.19.0.7',1618814690),('69f981c5ec2d2a77','1','admin','GET','http://serverlog.php1000.com/admin/index?','[]',NULL,'172.19.0.7',1619357011),('6a1c1de17685c32b','1','admin','GET','http://serverlog.php1000.com/admin/index?','[]',NULL,'172.19.0.7',1618814700),('6ae91cc27603cb0d','1','admin','GET','http://serverlog.php1000.com/admin/server-log/logs/index?','[]',NULL,'172.19.0.7',1619537170),('6b5ba85da1260d04','1','admin','GET','http://serverlog.php1000.com/admin/index?','[]',NULL,'172.19.0.7',1619623329),('6b74cd893349c21c','1','admin','GET','http://serverlog.php1000.com/admin/operation-log/index?','[]',NULL,'172.19.0.7',1618815338),('6bc8df051a0c2503','1','admin','GET','http://serverlog.php1000.com/admin/index/dashboard?','[]',NULL,'172.19.0.7',1619279816),('6be786fe1ff24a39','1','admin','GET','http://serverlog.php1000.com/admin/server-log/logs/index-data?limit=15&page=1','{\n    \"page\": \"1\",\n    \"limit\": \"15\"\n}',NULL,'172.19.0.7',1618815192),('6bf5fea59e8c47bc','1','admin','GET','http://serverlog.php1000.com/admin/index/menu?','[]',NULL,'172.19.0.2',1618820503),('6bfa4c5d8f714b9b','1','admin','GET','http://serverlog.php1000.com/admin/index/menu?','[]',NULL,'172.19.0.7',1619622215),('6c31e7386aeaeada','1','admin','GET','http://serverlog.php1000.com/admin/server-log/logs/index-data?limit=15&page=1','{\n    \"page\": \"1\",\n    \"limit\": \"15\"\n}',NULL,'172.19.0.7',1619441960),('6d3bc6876b042599','0','','GET','http://serverlog.php1000.com/admin/passport/captcha?','[]',NULL,'172.19.0.7',1619444614),('6ea1529ded2d767c','1','admin','GET','http://serverlog.php1000.com/admin/admin/index?','[]',NULL,'172.19.0.7',1619279835),('6ec0880d83ae5cfb','1','admin','GET','http://serverlog.php1000.com/admin/permission/index-data?limit=15&page=1','{\n    \"page\": \"1\",\n    \"limit\": \"15\"\n}',NULL,'172.19.0.7',1619622205),('6f6abf58ef690c58','1','admin','GET','http://serverlog.php1000.com/admin/index/menu?','[]',NULL,'172.19.0.7',1619280168),('6fab9c08e7c096f8','1','admin','GET','http://serverlog.php1000.com/admin/index/dashboard?','[]',NULL,'172.19.0.7',1618814948),('6fce83a5cb589b88','1','admin','GET','http://serverlog.php1000.com/admin/server-log/app/index?','[]',NULL,'172.19.0.7',1619279385),('70658935673e0644','1','admin','GET','http://serverlog.php1000.com/admin/server-log/logs/index?','[]',NULL,'172.19.0.7',1619279568),('710bb54a813772b2','1','admin','GET','http://serverlog.php1000.com/admin/server-log/app/index?','[]',NULL,'172.19.0.7',1619622198),('71130410ab380151','1','admin','GET','http://serverlog.php1000.com/admin/index/dashboard?','[]',NULL,'172.19.0.2',1618820204),('71f3a88659f8971c','1','admin','GET','http://serverlog.php1000.com/admin/index/menu?','[]',NULL,'172.19.0.7',1619358902),('7232f656bab7cbde','1','admin','GET','http://serverlog.php1000.com/admin/index/dashboard?','[]',NULL,'172.19.0.2',1618820504),('725537ab404f5ced','1','admin','GET','http://serverlog.php1000.com/admin/server-log/logs/index-data?limit=15&page=1','{\n    \"page\": \"1\",\n    \"limit\": \"15\"\n}',NULL,'172.19.0.7',1619707738),('72650474ee3ce638','1','admin','GET','http://serverlog.php1000.com/admin/server-log/logs/index?','[]',NULL,'172.19.0.7',1619535419),('73d5a068e2ee628d','1','admin','GET','http://serverlog.php1000.com/admin/index/dashboard?','[]',NULL,'172.19.0.7',1619357126),('73f375f1e6f6ac41','1','admin','GET','http://serverlog.php1000.com/admin/index?','[]',NULL,'172.19.0.7',1619442173),('740748d167e56b1a','1','admin','GET','http://serverlog.php1000.com/admin/server-log/logs/index?','[]',NULL,'172.19.0.7',1618814705),('7421074568e0645c','1','admin','GET','http://serverlog.php1000.com/admin/index/menu?','[]',NULL,'172.19.0.7',1618821186),('742760c4b74d65f3','1','admin','GET','http://serverlog.php1000.com/admin/index/menu?','[]',NULL,'172.19.0.6',1619621205),('749a81817d4737eb','1','admin','GET','http://serverlog.php1000.com/admin/server-log/logs/index-data?limit=15&page=1','{\n    \"page\": \"1\",\n    \"limit\": \"15\"\n}',NULL,'172.19.0.7',1619279589),('75552e2ef6b42b62','1','admin','GET','http://serverlog.php1000.com/admin/server-log/app/index-data?limit=15&page=1','{\n    \"page\": \"1\",\n    \"limit\": \"15\"\n}',NULL,'172.19.0.7',1619356200),('7598caec34933ba9','1','admin','GET','http://serverlog.php1000.com/admin/server-log/logs/index?','[]',NULL,'172.19.0.7',1619622525),('76892cf807a278d1','1','admin','GET','http://serverlog.php1000.com/admin/index?','[]',NULL,'172.19.0.7',1618815338),('7692e75e57a4b7ed','0','','GET','http://serverlog.php1000.com/admin/passport/login?','[]',NULL,'172.19.0.7',1619358531),('772851899453303a','1','admin','GET','http://serverlog.php1000.com/admin/index/menu?','[]',NULL,'172.19.0.7',1619622347),('77ae5820532132f9','1','admin','GET','http://serverlog.php1000.com/admin/admin/index?','[]',NULL,'172.19.0.7',1619279905),('77f3583a9701b8d3','1','admin','GET','http://serverlog.php1000.com/admin/index/dashboard?','[]',NULL,'172.19.0.7',1619538118),('7927fb73a351cc2a','1','admin','GET','http://serverlog.php1000.com/admin/index?','[]',NULL,'172.19.0.7',1619622688),('793c858724697629','1','admin','GET','http://serverlog.php1000.com/admin/server-log/logs/index-data?limit=15&page=1','{\n    \"page\": \"1\",\n    \"limit\": \"15\"\n}',NULL,'172.19.0.2',1618819495),('79cb2ce66ff709c9','1','admin','GET','http://serverlog.php1000.com/admin/server-log/logs/detail?id=db38ea732c815969','{\n    \"id\": \"db38ea732c815969\"\n}',NULL,'172.19.0.7',1619622195),('79cd653730b7adf2','0','','GET','http://serverlog.php1000.com/admin/passport/captcha?','[]',NULL,'172.19.0.4',1619440804),('7a4779ed42e02eba','1','admin','GET','http://serverlog.php1000.com/admin/index/menu?','[]',NULL,'172.19.0.7',1618821053),('7b481a6c7d56d3de','1','admin','GET','http://serverlog.php1000.com/admin/operation-log/index?','[]',NULL,'172.19.0.7',1619622202),('7b4e144000edaa71','1','admin','GET','http://serverlog.php1000.com/admin/server-log/app/index?','[]',NULL,'172.19.0.7',1619536214),('7b81cf8a51a98742','1','admin','GET','http://serverlog.php1000.com/admin/index/dashboard?','[]',NULL,'172.19.0.2',1618819253),('7c0de2ad1fb2a5fd','1','admin','GET','http://serverlog.php1000.com/admin/server-log/logs/index?','[]',NULL,'172.19.0.6',1619621216),('7c59a9701184a295','1','admin','GET','http://serverlog.php1000.com/admin/server-log/logs/index?','[]',NULL,'172.19.0.7',1619622393),('7c5dd373834bc137','1','admin','POST','http://serverlog.php1000.com/admin/operation-log/delete?','{\n    \"id\": [\n        \"0e2fb26fd327d6e5\",\n        \"a34490b2bfc8b49c\",\n        \"31004d97be668d4d\",\n        \"1e5c469bf8b139ac\",\n        \"0fe3c0fd85e17eb2\",\n        \"ecd4a5c26a12d1da\",\n        \"bca7932e02920f7b\",\n        \"d53547176c2c21a1\",\n        \"7258f375a6c22f0a\",\n        \"1d1aa11c042526f1\",\n        \"a1f1f88efd37ad29\",\n        \"1b4e8f5b20d0bb61\",\n        \"42ad321f43aee8b8\",\n        \"9928b2111d36e01a\",\n        \"ac2c4857a001cc53\"\n    ]\n}',NULL,'172.19.0.7',1619361999),('7d0f00ae5da35afc','1','admin','GET','http://serverlog.php1000.com/admin/index/menu?','[]',NULL,'172.19.0.2',1618819640),('7d8fd0fe9bc6434a','1','admin','GET','http://serverlog.php1000.com/admin/server-log/logs/index?','[]',NULL,'172.19.0.7',1619442540),('7db349e48ed1bcc5','1','admin','GET','http://serverlog.php1000.com/admin/server-log/logs/index-data?limit=15&page=1','{\n    \"page\": \"1\",\n    \"limit\": \"15\"\n}',NULL,'172.19.0.7',1618814888),('7db7aadecc524419','1','admin','GET','http://serverlog.php1000.com/admin/server-log/logs/index-data?limit=15&page=1','{\n    \"page\": \"1\",\n    \"limit\": \"15\"\n}',NULL,'172.19.0.7',1619622349),('7df4128b09bdb2c7','1','admin','GET','http://serverlog.php1000.com/admin/server-log/app/index-data?limit=15&page=1','{\n    \"page\": \"1\",\n    \"limit\": \"15\"\n}',NULL,'172.19.0.7',1619280202),('7e14fbbf0cdea63c','1','admin','GET','http://serverlog.php1000.com/admin/index?','[]',NULL,'172.19.0.7',1619624064),('7fbb43b68e461b7f','1','admin','GET','http://serverlog.php1000.com/admin/index/dashboard?','[]',NULL,'172.19.0.7',1619622224),('8043073b056aefdf','1','admin','GET','http://serverlog.php1000.com/admin/server-log/logs/index?','[]',NULL,'172.19.0.7',1618821186),('80808ed830224d72','0','','POST','http://serverlog.php1000.com/admin/passport/login?','{\n    \"name\": \"admin\",\n    \"captcha\": \"usiq\"\n}',NULL,'172.19.0.4',1619440797),('808d80d74e1ee053','1','admin','GET','http://serverlog.php1000.com/admin/index/menu?','[]',NULL,'172.19.0.7',1619535684),('8200469016cb1ec1','0','','GET','http://serverlog.php1000.com/admin/passport/captcha?','[]',NULL,'172.19.0.4',1619440800),('824541a90e4d940b','1','admin','GET','http://serverlog.php1000.com/admin/server-log/logs/index-data?limit=15&page=1','{\n    \"page\": \"1\",\n    \"limit\": \"15\"\n}',NULL,'172.19.0.2',1618818917),('82c85e44ce338b53','1','admin','GET','http://serverlog.php1000.com/admin/admin/access?id=2','{\n    \"id\": \"2\"\n}',NULL,'172.19.0.7',1619279822),('834e2e3ac8410d2e','1','admin','GET','http://serverlog.php1000.com/admin/index/menu?','[]',NULL,'172.19.0.7',1619622688),('837b4c25279379e8','1','admin','GET','http://serverlog.php1000.com/admin/index?','[]',NULL,'172.19.0.7',1619445171),('83a5fb2ec4e7e742','1','admin','GET','http://serverlog.php1000.com/admin/server-log/logs/detail?id=db38ea732c815969','{\n    \"id\": \"db38ea732c815969\"\n}',NULL,'172.19.0.7',1619622396),('83cb6f5a856daa93','1','admin','GET','http://serverlog.php1000.com/admin/server-log/logs/index?','[]',NULL,'172.19.0.7',1619356373),('83d9e9ecd216a769','1','admin','GET','http://serverlog.php1000.com/admin/operation-log/index-data?limit=15&page=1','{\n    \"page\": \"1\",\n    \"limit\": \"15\"\n}',NULL,'172.19.0.2',1618818899),('84ff6ea1af344e4a','1','admin','GET','http://serverlog.php1000.com/admin/server-log/logs/index?','[]',NULL,'172.19.0.2',1618819640),('850dd9049ddf91a2','1','admin','GET','http://serverlog.php1000.com/admin/index/dashboard?','[]',NULL,'172.19.0.7',1618815191),('8535188852e54d68','1','admin','GET','http://serverlog.php1000.com/admin/index/dashboard?','[]',NULL,'172.19.0.7',1618821186),('856a0d2523f72717','1','admin','GET','http://serverlog.php1000.com/admin/index/dashboard?','[]',NULL,'172.19.0.7',1618815049),('859a8455273e2ead','1','admin','GET','http://serverlog.php1000.com/admin/attachment/index?','[]',NULL,'172.19.0.7',1618815196),('8605707a706bf5a0','1','admin','GET','http://serverlog.php1000.com/admin/index?','[]',NULL,'172.19.0.7',1619280130),('86395f1c596f1ecb','1','admin','GET','http://serverlog.php1000.com/admin/server-log/logs/index-data?limit=15&page=1','{\n    \"page\": \"1\",\n    \"limit\": \"15\"\n}',NULL,'172.19.0.7',1619537171),('86bd40e181b6853a','1','admin','GET','http://serverlog.php1000.com/admin/admin/index?','[]',NULL,'172.19.0.7',1619280168),('876b61c0c90c2be6','1','admin','GET','http://serverlog.php1000.com/admin/index/dashboard?','[]',NULL,'172.19.0.7',1618815151),('88359d6c4dc76847','1','admin','GET','http://serverlog.php1000.com/admin/server-log/logs/index?','[]',NULL,'172.19.0.7',1619536050),('8850fcd444f2018c','1','admin','GET','http://serverlog.php1000.com/admin/index/menu?','[]',NULL,'172.19.0.7',1619536212),('89b19383ae839aee','1','admin','GET','http://serverlog.php1000.com/admin/server-log/logs/index?','[]',NULL,'172.19.0.7',1618815743),('89fc6204fb2a68f8','1','admin','GET','http://serverlog.php1000.com/admin/admin/index?','[]',NULL,'172.19.0.7',1619279819),('8a3919d4ee2cd309','1','admin','GET','http://serverlog.php1000.com/admin/index?','[]',NULL,'172.19.0.2',1619447315),('8a404cab364c99f7','1','admin','GET','http://serverlog.php1000.com/admin/index?','[]',NULL,'172.19.0.7',1619622230),('8ab82479d1299c86','1','admin','GET','http://serverlog.php1000.com/admin/index/menu?','[]',NULL,'172.19.0.7',1619624247),('8b0b44d9b23db5a6','1','admin','GET','http://serverlog.php1000.com/admin/server-log/logs/index-data?limit=15&page=1','{\n    \"page\": \"1\",\n    \"limit\": \"15\"\n}',NULL,'172.19.0.7',1618821188),('8be85bf87e3ae3e4','1','admin','GET','http://serverlog.php1000.com/admin/admin/index-data?limit=15&page=1','{\n    \"page\": \"1\",\n    \"limit\": \"15\"\n}',NULL,'172.19.0.7',1619280132),('8c2d967944262f11','0','','GET','http://serverlog.php1000.com/admin/passport/login?','[]',NULL,'172.19.0.4',1619440777),('8c821fe0e2525d9d','1','admin','GET','http://serverlog.php1000.com/admin/server-log/app/index-data?limit=15&page=1','{\n    \"page\": \"1\",\n    \"limit\": \"15\"\n}',NULL,'172.19.0.7',1619358549),('8cc2b637b94a3700','1','admin','GET','http://serverlog.php1000.com/admin/operation-log/index-data?limit=15&page=1','{\n    \"page\": \"1\",\n    \"limit\": \"15\"\n}',NULL,'172.19.0.7',1619362002),('8dcd541aa692ea71','1','admin','GET','http://serverlog.php1000.com/admin/index/dashboard?','[]',NULL,'172.19.0.2',1618819641),('8ddcce96975ec6c3','1','admin','GET','http://serverlog.php1000.com/admin/index/menu?','[]',NULL,'172.19.0.7',1619358545),('8dfa8460d07ebc7d','1','admin','GET','http://serverlog.php1000.com/admin/server-log/logs/index-data?limit=15&page=1','{\n    \"page\": \"1\",\n    \"limit\": \"15\"\n}',NULL,'172.19.0.7',1618815744),('8e152a72e419601d','1','admin','GET','http://serverlog.php1000.com/admin/role/index?','[]',NULL,'172.19.0.7',1619622204),('8e2a5a302c3d05e6','0','','POST','http://serverlog.php1000.com/admin/passport/login?','{\n    \"name\": \"admin\",\n    \"captcha\": \"5v5a\"\n}',NULL,'172.19.0.7',1619444611),('8f5d3994b9a0ac27','1','admin','GET','http://serverlog.php1000.com/admin/server-log/logs/index-data?limit=15&page=1','{\n    \"page\": \"1\",\n    \"limit\": \"15\"\n}',NULL,'172.19.0.7',1619622225),('90b7a23aeee8f742','1','admin','GET','http://serverlog.php1000.com/admin/admin/index?','[]',NULL,'172.19.0.7',1619622203),('9107c512a5265280','1','admin','POST','http://serverlog.php1000.com/admin/admin/access?id=2','{\n    \"roleid\": \"5,3\",\n    \"id\": \"2\"\n}',NULL,'172.19.0.7',1619279825),('9229d051405d99d3','1','admin','GET','http://serverlog.php1000.com/admin/admin/index-data?limit=15&page=1','{\n    \"page\": \"1\",\n    \"limit\": \"15\"\n}',NULL,'172.19.0.7',1619279819),('924a70099dceb381','1','admin','GET','http://serverlog.php1000.com/admin/index?','[]',NULL,'172.19.0.7',1619708104),('92b8a11f68d26bf1','1','admin','GET','http://serverlog.php1000.com/admin/server-log/logs/index?','[]',NULL,'172.19.0.7',1619445172),('933776140b52f3f7','0','','POST','http://serverlog.php1000.com/admin/passport/login?','{\n    \"name\": \"admin\",\n    \"captcha\": \"z52c\"\n}',NULL,'172.19.0.7',1619444620),('9369feca3230202e','1','admin','GET','http://serverlog.php1000.com/admin/index?','[]',NULL,'172.19.0.7',1619536212),('93b6fdcafcd35b52','0','','GET','http://serverlog.php1000.com/admin/passport/login?','[]',NULL,'172.19.0.6',1619621193),('942cda31f880e69e','1','admin','GET','http://serverlog.php1000.com/admin/admin/index-data?limit=15&page=1','{\n    \"page\": \"1\",\n    \"limit\": \"15\"\n}',NULL,'172.19.0.7',1619279836),('9496838aa0a3e679','0','','GET','http://serverlog.php1000.com/admin/passport/login?','[]',NULL,'172.19.0.7',1619360260),('94d966bc73149e4b','1','admin','GET','http://serverlog.php1000.com/admin/server-log/logs/index?','[]',NULL,'172.19.0.7',1618815056),('95b2252a390ecff9','1','admin','GET','http://serverlog.php1000.com/admin/attachment/index-data?limit=15&page=1','{\n    \"page\": \"1\",\n    \"limit\": \"15\"\n}',NULL,'172.19.0.7',1619357328),('964630eb77f9c33a','1','admin','GET','http://serverlog.php1000.com/admin/index/menu?','[]',NULL,'172.19.0.4',1619440814),('9652ac996281aefe','1','admin','GET','http://serverlog.php1000.com/admin/admin/index?','[]',NULL,'172.19.0.7',1619279828),('9723e456968a66ec','1','admin','GET','http://serverlog.php1000.com/admin/server-log/logs/index?','[]',NULL,'172.19.0.7',1619279760),('97419d76d7030798','1','admin','GET','http://serverlog.php1000.com/admin/index?','[]',NULL,'172.19.0.6',1619621205),('978bf2cacb46d7a7','1','admin','GET','http://serverlog.php1000.com/admin/operation-log/index?','[]',NULL,'172.19.0.7',1619357322),('978f66f77139444e','1','admin','GET','http://serverlog.php1000.com/admin/index/menu?','[]',NULL,'172.19.0.7',1618814862),('98072f9e8c83fff8','1','admin','GET','http://serverlog.php1000.com/admin/index/menu?','[]',NULL,'172.19.0.7',1619356186),('98221f2490f1cd7a','1','admin','GET','http://serverlog.php1000.com/admin/index?','[]',NULL,'172.19.0.7',1618815048),('998883b52d9055c1','1','admin','GET','http://serverlog.php1000.com/admin/index/dashboard?','[]',NULL,'172.19.0.7',1619622348),('9a2e048f8d075af0','1','admin','GET','http://serverlog.php1000.com/admin/index/menu?','[]',NULL,'172.19.0.7',1619535415),('9aa93289e9b34ea3','1','admin','GET','http://serverlog.php1000.com/admin/index?','[]',NULL,'172.19.0.7',1619280167),('9ab05e23a561a5a4','1','admin','GET','http://serverlog.php1000.com/admin/index/dashboard?','[]',NULL,'172.19.0.7',1619535814),('9ad8acd7dba4830d','1','admin','GET','http://serverlog.php1000.com/admin/server-log/logs/index-data?limit=15&page=1','{\n    \"page\": \"1\",\n    \"limit\": \"15\"\n}',NULL,'172.19.0.7',1619623646),('9b0d6114ada91090','1','admin','GET','http://serverlog.php1000.com/admin/index/menu?','[]',NULL,'172.19.0.7',1619357126),('9b40e32d22818185','1','admin','GET','http://serverlog.php1000.com/admin/index?','[]',NULL,'172.19.0.7',1619622224),('9bb6c8e8158f8f8c','1','admin','GET','http://serverlog.php1000.com/admin/server-log/logs/index-data?limit=15&page=1','{\n    \"page\": \"1\",\n    \"limit\": \"15\"\n}',NULL,'172.19.0.7',1619624829),('9bcdd1da355a1c40','1','admin','GET','http://serverlog.php1000.com/admin/index?','[]',NULL,'172.19.0.2',1618820202),('9bf1c2d8e5804323','1','admin','GET','http://serverlog.php1000.com/admin/server-log/app/index-data?limit=15&page=1','{\n    \"page\": \"1\",\n    \"limit\": \"15\"\n}',NULL,'172.19.0.7',1619279386),('9c249deacb368064','1','admin','GET','http://serverlog.php1000.com/admin/server-log/logs/index?','[]',NULL,'172.19.0.7',1619536213),('9c3269c15faad909','1','admin','GET','http://serverlog.php1000.com/admin/index/dashboard?','[]',NULL,'172.19.0.7',1619442174),('9c498ee418f533ba','1','admin','GET','http://serverlog.php1000.com/admin/server-log/logs/index-data?limit=15&page=1','{\n    \"page\": \"1\",\n    \"limit\": \"15\"\n}',NULL,'172.19.0.7',1618815341),('9c4bbbf46d0c1768','1','admin','GET','http://serverlog.php1000.com/admin/server-log/app/index-data?limit=15&page=1','{\n    \"page\": \"1\",\n    \"limit\": \"15\"\n}',NULL,'172.19.0.7',1619536215),('9c7a8beb20e31604','1','admin','GET','http://serverlog.php1000.com/admin/index/dashboard?','[]',NULL,'172.19.0.6',1619706689),('9c7e7f5474de899c','1','admin','GET','http://serverlog.php1000.com/admin/index?','[]',NULL,'172.19.0.7',1619279567),('9d8cece882ee53a0','1','admin','GET','http://serverlog.php1000.com/admin/index?','[]',NULL,'172.19.0.7',1618814872),('9de826fe0f279d9d','1','admin','GET','http://serverlog.php1000.com/admin/index/dashboard?','[]',NULL,'172.19.0.7',1618814873),('9ee96b80ceceec77','1','admin','GET','http://serverlog.php1000.com/admin/index/menu?','[]',NULL,'172.19.0.7',1619279904),('9f7c6b3b77e96fb6','1','admin','GET','http://serverlog.php1000.com/admin/index/menu?','[]',NULL,'172.19.0.7',1619279816),('a0526753a1f6d27f','1','admin','GET','http://serverlog.php1000.com/admin/index/dashboard?','[]',NULL,'172.19.0.7',1619280168),('a0e7eb6fb3a9dc85','1','admin','GET','http://serverlog.php1000.com/admin/server-log/logs/index-data?limit=15&page=1','{\n    \"page\": \"1\",\n    \"limit\": \"15\"\n}',NULL,'172.19.0.7',1619622394),('a142a98614fd53c8','1','admin','GET','http://serverlog.php1000.com/admin/index/menu?','[]',NULL,'172.19.0.7',1619357316),('a1e24a4d508c45d3','1','admin','GET','http://serverlog.php1000.com/admin/server-log/logs/index?','[]',NULL,'172.19.0.7',1619536188),('a28a8f47d195d0f9','0','','GET','http://serverlog.php1000.com/admin/passport/captcha?','[]',NULL,'172.19.0.4',1619440805),('a433185b11528d00','1','admin','GET','http://serverlog.php1000.com/admin/operation-log/index?','[]',NULL,'172.19.0.7',1618815198),('a54653ba2e6db265','1','admin','GET','http://serverlog.php1000.com/admin/server-log/logs/index-data?limit=15&page=1','{\n    \"page\": \"1\",\n    \"limit\": \"15\"\n}',NULL,'172.19.0.7',1619622526),('a561e08baa6b2f56','1','admin','GET','http://serverlog.php1000.com/admin/server-log/logs/index-data?limit=15&page=1','{\n    \"page\": \"1\",\n    \"limit\": \"15\"\n}',NULL,'172.19.0.7',1618815127),('a675225363887867','1','admin','GET','http://serverlog.php1000.com/admin/server-log/logs/index?','[]',NULL,'172.19.0.7',1619622836),('a7584d86572643b7','1','admin','GET','http://serverlog.php1000.com/admin/index/dashboard?','[]',NULL,'172.19.0.7',1619280132),('a75bda207f4abbc2','1','admin','GET','http://serverlog.php1000.com/admin/admin/index?','[]',NULL,'172.19.0.7',1619280132),('a7d71f56f1d8f71f','1','admin','GET','http://serverlog.php1000.com/admin/server-log/logs/index-data?limit=15&page=1','{\n    \"page\": \"1\",\n    \"limit\": \"15\"\n}',NULL,'172.19.0.7',1619442540),('a7e338c936dfe9d0','1','admin','GET','http://serverlog.php1000.com/admin/server-log/logs/index-data?limit=15&page=1','{\n    \"page\": \"1\",\n    \"limit\": \"15\"\n}',NULL,'172.19.0.7',1619445173),('a997713d85e89535','0','','POST','http://serverlog.php1000.com/admin/passport/login?','{\n    \"name\": \"admin\",\n    \"captcha\": \"hkth\"\n}',NULL,'172.19.0.7',1618814696),('aa65ae119107b061','1','admin','GET','http://serverlog.php1000.com/admin/index?','[]',NULL,'172.19.0.7',1619624825),('ab03f1bce0092087','1','admin','GET','http://serverlog.php1000.com/admin/server-log/logs/index?','[]',NULL,'172.19.0.2',1618820500),('acbee09cc848616d','0','','POST','http://serverlog.php1000.com/admin/passport/login?','{\n    \"name\": \"admin\",\n    \"captcha\": \"5v5a\"\n}',NULL,'172.19.0.7',1619444610),('ad4d2107039cb6d0','1','admin','GET','http://serverlog.php1000.com/admin/index/dashboard?','[]',NULL,'172.19.0.7',1619537062),('ae2af304492c8f51','1','admin','GET','http://serverlog.php1000.com/admin/index/dashboard?','[]',NULL,'172.19.0.7',1619444624),('afc783f08396f374','1','admin','GET','http://serverlog.php1000.com/admin/server-log/logs/index-data?limit=15&page=1','{\n    \"page\": \"1\",\n    \"limit\": \"15\"\n}',NULL,'172.19.0.7',1618815152),('aff8b3d648a78048','1','admin','GET','http://serverlog.php1000.com/admin/server-log/logs/index-data?limit=15&page=1','{\n    \"page\": \"1\",\n    \"limit\": \"15\"\n}',NULL,'172.19.0.7',1618821055),('b05b10f97d310d82','1','admin','GET','http://serverlog.php1000.com/admin/index/dashboard?','[]',NULL,'172.19.0.7',1619536213),('b0a1154d0da89152','1','admin','GET','http://serverlog.php1000.com/admin/index/dashboard?','[]',NULL,'172.19.0.7',1619622191),('b0ff104c1267d5f4','1','admin','GET','http://serverlog.php1000.com/admin/index/dashboard?','[]',NULL,'172.19.0.7',1618821054),('b12d253cdcffc9be','0','','GET','http://serverlog.php1000.com/admin/passport/login?','[]',NULL,'172.19.0.7',1619535384),('b286109e2376f5b7','0','','GET','http://serverlog.php1000.com/admin/passport/captcha?','[]',NULL,'172.19.0.6',1619621194),('b28bb9489c787a64','1','admin','GET','http://serverlog.php1000.com/admin/server-log/logs/index?','[]',NULL,'172.19.0.7',1619707737),('b4aa96fa769170fa','1','admin','GET','http://serverlog.php1000.com/admin/index?','[]',NULL,'172.19.0.7',1619535415),('b50f503adc45f4d2','1','admin','GET','http://serverlog.php1000.com/admin/index/menu?','[]',NULL,'172.19.0.6',1619706689),('b53145767bdf514b','0','','GET','http://serverlog.php1000.com/admin/passport/captcha?','[]',NULL,'172.19.0.7',1619444599),('b6304b4598d75272','1','admin','GET','http://serverlog.php1000.com/admin/server-log/app/index?','[]',NULL,'172.19.0.2',1618818915),('b6425d7de01e6d70','1','admin','GET','http://serverlog.php1000.com/admin/admin/index-data?limit=15&page=1','{\n    \"page\": \"1\",\n    \"limit\": \"15\"\n}',NULL,'172.19.0.7',1619624078),('b66b6006806da68a','1','admin','GET','http://serverlog.php1000.com/admin/server-log/app/update?id=815966c394a81c01','{\n    \"id\": \"815966c394a81c01\"\n}',NULL,'172.19.0.7',1619536218),('b681933e45abb111','1','admin','GET','http://serverlog.php1000.com/admin/server-log/logs/index-data?limit=15&page=1','{\n    \"page\": \"1\",\n    \"limit\": \"15\"\n}',NULL,'172.19.0.7',1619356374),('b6d8d108d4577c82','1','admin','GET','http://serverlog.php1000.com/admin/index/menu?','[]',NULL,'172.19.0.2',1618819494),('b6fbafea5c14ecbe','1','admin','GET','http://serverlog.php1000.com/admin/attachment/index-data?limit=15&page=1','{\n    \"page\": \"1\",\n    \"limit\": \"15\"\n}',NULL,'172.19.0.7',1619358903),('b76df907c9a35637','1','admin','GET','http://serverlog.php1000.com/admin/index/dashboard?','[]',NULL,'172.19.0.2',1619447318),('b7754c5260277a57','1','admin','GET','http://serverlog.php1000.com/admin/server-log/logs/index-data?limit=15&page=1','{\n    \"page\": \"1\",\n    \"limit\": \"15\"\n}',NULL,'172.19.0.7',1619442174),('b7bec278034cebe2','0','','GET','http://serverlog.php1000.com/admin/passport/captcha?','[]',NULL,'172.19.0.7',1619535389),('b80d20bb39a79244','1','admin','GET','http://serverlog.php1000.com/admin/index/menu?','[]',NULL,'172.19.0.7',1619441959),('b846398548b165f6','1','admin','GET','http://serverlog.php1000.com/admin/index?','[]',NULL,'172.19.0.7',1619358545),('b86b77bddc1968f3','1','admin','GET','http://serverlog.php1000.com/admin/server-log/logs/index?','[]',NULL,'172.19.0.7',1619441959),('b9c94333aa4645e0','0','','POST','http://serverlog.php1000.com/admin/passport/login?','{\n    \"name\": \"admin\",\n    \"captcha\": \"kech\"\n}',NULL,'172.19.0.7',1619535411),('ba49b98a3d5151f9','1','admin','GET','http://serverlog.php1000.com/admin/attachment/index?','[]',NULL,'172.19.0.7',1619358903),('ba632089aaf5cc0d','1','admin','GET','http://serverlog.php1000.com/admin/index?','[]',NULL,'172.19.0.7',1618815878),('baa15e7202e04616','1','admin','GET','http://serverlog.php1000.com/admin/index/menu?','[]',NULL,'172.19.0.7',1619279363),('bad41e1bccbac692','1','admin','GET','http://serverlog.php1000.com/admin/server-log/app/index?','[]',NULL,'172.19.0.7',1619356199),('bae27fdaa102d7eb','1','admin','GET','http://serverlog.php1000.com/admin/index?','[]',NULL,'172.19.0.7',1619441958),('bafe9583cc412043','1','admin','GET','http://serverlog.php1000.com/admin/index/menu?','[]',NULL,'172.19.0.7',1619706596),('bb30f14ec50e95a8','1','admin','GET','http://serverlog.php1000.com/admin/index/menu?','[]',NULL,'172.19.0.7',1619623329),('bb4ca5074fcb1a82','1','admin','GET','http://serverlog.php1000.com/admin/server-log/app/update?id=a1d455bed0d98ce4','{\n    \"id\": \"a1d455bed0d98ce4\"\n}',NULL,'172.19.0.7',1619280205),('bb987397a6434c64','1','admin','GET','http://serverlog.php1000.com/admin/server-log/logs/index?','[]',NULL,'172.19.0.7',1619624065),('bd16f69f47efbdd1','1','admin','GET','http://serverlog.php1000.com/admin/server-log/logs/index?','[]',NULL,'172.19.0.7',1619279587),('bd71f08ad174abb6','1','admin','GET','http://serverlog.php1000.com/admin/operation-log/index-data?limit=15&page=1','{\n    \"page\": \"1\",\n    \"limit\": \"15\"\n}',NULL,'172.19.0.2',1618818908),('be674cd4d23dfe1d','1','admin','GET','http://serverlog.php1000.com/admin/admin/index-data?limit=15&page=1','{\n    \"page\": \"1\",\n    \"limit\": \"15\"\n}',NULL,'172.19.0.7',1619280169),('bece1907694c764d','1','admin','GET','http://serverlog.php1000.com/admin/index?','[]',NULL,'172.19.0.7',1619441655),('bef5c436df7f0ce2','1','admin','GET','http://serverlog.php1000.com/admin/index?','[]',NULL,'172.19.0.7',1619535814),('bfa57ccb0f936180','1','admin','GET','http://serverlog.php1000.com/admin/index?','[]',NULL,'172.19.0.7',1618815056),('bfd17eeb502329ce','1','admin','GET','http://serverlog.php1000.com/admin/admin/index-data?limit=15&page=1','{\n    \"page\": \"1\",\n    \"limit\": \"15\"\n}',NULL,'172.19.0.7',1619624248),('bfd74775d98f753e','1','admin','GET','http://serverlog.php1000.com/admin/index?','[]',NULL,'172.19.0.7',1619622214),('bfe6dffacc55d89c','1','admin','GET','http://serverlog.php1000.com/admin/index/dashboard?','[]',NULL,'172.19.0.2',1619446068),('c0c11f73055f00de','1','admin','GET','http://serverlog.php1000.com/admin/index/menu?','[]',NULL,'172.19.0.7',1619622230),('c0e7039f006a7a48','1','admin','GET','http://serverlog.php1000.com/admin/index?','[]',NULL,'172.19.0.7',1619279362),('c148d7081244e90a','1','admin','GET','http://serverlog.php1000.com/admin/server-log/logs/index-data?limit=15&page=1','{\n    \"page\": \"1\",\n    \"limit\": \"15\"\n}',NULL,'172.19.0.7',1619623331),('c17052b17336d073','0','','GET','http://serverlog.php1000.com/admin/passport/captcha?','[]',NULL,'172.19.0.2',1619447303),('c18c86665d59b0b1','1','admin','GET','http://serverlog.php1000.com/admin/index/dashboard?','[]',NULL,'172.19.0.7',1619356346),('c26abeeec0b7aa8d','1','admin','GET','http://serverlog.php1000.com/admin/index/menu?','[]',NULL,'172.19.0.7',1618815056),('c2b27daf5a7c4349','1','admin','GET','http://serverlog.php1000.com/admin/index/dashboard?','[]',NULL,'172.19.0.7',1619708105),('c3fee64c3f22fbc4','1','admin','GET','http://serverlog.php1000.com/admin/index/dashboard?','[]',NULL,'172.19.0.7',1619535416),('c4bccc0d997328c0','1','admin','GET','http://serverlog.php1000.com/admin/server-log/app/index?','[]',NULL,'172.19.0.7',1618815883),('c5af411134cc9b7e','0','','GET','http://serverlog.php1000.com/admin/passport/captcha?','[]',NULL,'172.19.0.7',1619706584),('c5dfc4986976d171','1','admin','GET','http://serverlog.php1000.com/admin/server-log/logs/index?','[]',NULL,'172.19.0.7',1619622689),('c72632821b395d2b','1','admin','GET','http://serverlog.php1000.com/admin/server-log/logs/index?','[]',NULL,'172.19.0.7',1618814948),('c7277cad4a00544e','1','admin','GET','http://serverlog.php1000.com/admin/index/menu?','[]',NULL,'172.19.0.7',1619535814),('c8ba6164f4f8ad50','1','admin','GET','http://serverlog.php1000.com/admin/index/menu?','[]',NULL,'172.19.0.2',1618818971),('c8ccbc330031352c','0','','GET','http://serverlog.php1000.com/admin/passport/captcha?','[]',NULL,'172.19.0.4',1619440801),('c8e8cf7e17b3866b','0','','GET','http://serverlog.php1000.com/admin/passport/login?','[]',NULL,'172.19.0.7',1619356175),('c8fde43787e439eb','1','admin','GET','http://serverlog.php1000.com/admin/server-log/logs/index?','[]',NULL,'172.19.0.7',1619444630),('c904fe2295bf95e9','1','admin','GET','http://serverlog.php1000.com/admin/index/menu?','[]',NULL,'172.19.0.4',1619623122),('c9512942dd9c7749','1','admin','GET','http://serverlog.php1000.com/admin/index?','[]',NULL,'172.19.0.7',1618814948),('ca5b48faa8ae6b88','1','admin','GET','http://serverlog.php1000.com/admin/server-log/app/index-data?limit=15&page=1','{\n    \"page\": \"1\",\n    \"limit\": \"15\"\n}',NULL,'172.19.0.2',1618818916),('ca5c17449f0f7d46','1','admin','GET','http://serverlog.php1000.com/admin/server-log/logs/index?','[]',NULL,'172.19.0.7',1619535684),('cb2b8ff5f3a9ada3','1','admin','GET','http://serverlog.php1000.com/admin/index/dashboard?','[]',NULL,'172.19.0.7',1619358545),('cbd409b1fd0a709b','1','admin','GET','http://serverlog.php1000.com/admin/index/dashboard?','[]',NULL,'172.19.0.7',1619356187),('cc0410ffcef1f9ac','1','admin','GET','http://serverlog.php1000.com/admin/index/menu?','[]',NULL,'172.19.0.7',1618815126),('cc370c72bd055a3b','1','admin','GET','http://serverlog.php1000.com/admin/server-log/logs/index?','[]',NULL,'172.19.0.7',1618814873),('cc63b30f1b11f900','1','admin','GET','http://serverlog.php1000.com/admin/index/menu?','[]',NULL,'172.19.0.7',1619623644),('cca3c10695212873','1','admin','GET','http://serverlog.php1000.com/admin/index/menu?','[]',NULL,'172.19.0.7',1619622835),('cca50cec77456b76','1','admin','GET','http://serverlog.php1000.com/admin/server-log/logs/index-data?limit=15&page=1','{\n    \"page\": \"1\",\n    \"limit\": \"15\"\n}',NULL,'172.19.0.7',1619280200),('cdd07b58b4a454a4','1','admin','GET','http://serverlog.php1000.com/admin/operation-log/detail?id=2545a39a5ba1ac7c','{\n    \"id\": \"2545a39a5ba1ac7c\"\n}',NULL,'172.19.0.7',1618815201),('ce41d7a5d5efcf9a','1','admin','GET','http://serverlog.php1000.com/admin/index/dashboard?','[]',NULL,'172.19.0.7',1618815743),('ced8ec91e6078428','1','admin','GET','http://serverlog.php1000.com/admin/index?','[]',NULL,'172.19.0.6',1619706688),('cf04c3e1d1261df5','1','admin','GET','http://serverlog.php1000.com/admin/server-log/logs/index-data?limit=15&page=1','{\n    \"page\": \"1\",\n    \"limit\": \"15\"\n}',NULL,'172.19.0.7',1619622217),('d0372c5824e15445','1','admin','GET','http://serverlog.php1000.com/admin/index/dashboard?','[]',NULL,'172.19.0.7',1619623645),('d04922ecee4e203f','1','admin','GET','http://serverlog.php1000.com/admin/index/menu?','[]',NULL,'172.19.0.7',1619708104),('d0b1dd698da31f0e','1','admin','GET','http://serverlog.php1000.com/admin/server-log/logs/index?','[]',NULL,'172.19.0.7',1618821054),('d0e00a5c342952dc','1','admin','GET','http://serverlog.php1000.com/admin/server-log/logs/index-data?limit=15&page=1','{\n    \"page\": \"1\",\n    \"limit\": \"15\"\n}',NULL,'172.19.0.7',1619624536),('d13516f799a8b45f','1','admin','GET','http://serverlog.php1000.com/admin/server-log/logs/index-data?limit=15&page=1','{\n    \"page\": \"1\",\n    \"limit\": \"15\"\n}',NULL,'172.19.0.7',1619536214),('d1fa7f5f95bd1d55','1','admin','GET','http://serverlog.php1000.com/admin/index/dashboard?','[]',NULL,'172.19.0.7',1619536188),('d2374eb66a012334','1','admin','GET','http://serverlog.php1000.com/admin/server-log/logs/index?','[]',NULL,'172.19.0.7',1619624252),('d2818a4fb892292d','0','','GET','http://serverlog.php1000.com/admin/passport/captcha?','[]',NULL,'172.19.0.7',1619356176),('d2a722025c73b6b1','1','admin','GET','http://serverlog.php1000.com/admin/admin/index?','[]',NULL,'172.19.0.7',1619624078),('d336f8235a8537f2','1','admin','GET','http://serverlog.php1000.com/admin/server-log/logs/index-data?limit=15&page=1','{\n    \"page\": \"1\",\n    \"limit\": \"15\"\n}',NULL,'172.19.0.7',1619537063),('d3a1600e01274fb8','1','admin','POST','http://serverlog.php1000.com/admin/admin/access?id=2','{\n    \"roleid\": \"5\",\n    \"id\": \"2\"\n}',NULL,'172.19.0.7',1619279833),('d3d62bc81e06fdbb','1','admin','GET','http://serverlog.php1000.com/admin/index?','[]',NULL,'172.19.0.7',1619279816),('d41a6aa2c9951436','1','admin','GET','http://serverlog.php1000.com/admin/server-log/logs/index-data?limit=15&page=1','{\n    \"page\": \"1\",\n    \"limit\": \"15\"\n}',NULL,'172.19.0.7',1619444630),('d4912187b8244fe0','1','admin','GET','http://serverlog.php1000.com/admin/index?','[]',NULL,'172.19.0.7',1619707418),('d52ccb2e5d9dc179','1','admin','GET','http://serverlog.php1000.com/admin/index/dashboard?','[]',NULL,'172.19.0.7',1619706596),('d52e70c137b83600','1','admin','GET','http://serverlog.php1000.com/admin/server-log/logs/index?','[]',NULL,'172.19.0.2',1618818971),('d57d93a286d6e0ec','1','admin','GET','http://serverlog.php1000.com/admin/index/dashboard?','[]',NULL,'172.19.0.2',1618820500),('d59e319d907e898a','1','admin','GET','http://serverlog.php1000.com/admin/index/dashboard?','[]',NULL,'172.19.0.7',1619536050),('d5dbef2819f0af1b','1','admin','GET','http://serverlog.php1000.com/admin/server-log/app/index?','[]',NULL,'172.19.0.7',1619358548),('d653548ccd9e7192','1','admin','GET','http://serverlog.php1000.com/admin/index?','[]',NULL,'172.19.0.7',1619538116),('d66a3a0644241f35','0','','GET','http://serverlog.php1000.com/admin/passport/captcha?','[]',NULL,'172.19.0.7',1619444612),('d678ea879b61031b','1','admin','GET','http://serverlog.php1000.com/admin/server-log/logs/index?','[]',NULL,'172.19.0.7',1619624535),('d76a3745c42d78e1','1','admin','GET','http://serverlog.php1000.com/admin/server-log/logs/index?','[]',NULL,'172.19.0.7',1618820888),('d7ba102f784d9efa','0','','GET','http://serverlog.php1000.com/admin/passport/captcha?','[]',NULL,'172.19.0.7',1619358535),('d7e10c39e29d9688','1','admin','GET','http://serverlog.php1000.com/admin/index?','[]',NULL,'172.19.0.7',1619356346),('d803f1e3e7a54bee','1','admin','GET','http://serverlog.php1000.com/admin/server-log/app/index?','[]',NULL,'172.19.0.7',1619356346),('d83d6b6996ba454d','0','','GET','http://serverlog.php1000.com/admin/passport/captcha?','[]',NULL,'172.19.0.7',1619535385),('d843e3fc017e5cd8','1','admin','GET','http://serverlog.php1000.com/admin/server-log/logs/index?','[]',NULL,'172.19.0.7',1619442549),('d9340777065d4518','1','admin','GET','http://serverlog.php1000.com/admin/index/menu?','[]',NULL,'172.19.0.7',1619445836),('d9392519714e65f2','1','admin','GET','http://serverlog.php1000.com/admin/index?','[]',NULL,'172.19.0.7',1619536049),('d9551623280cf238','1','admin','GET','http://serverlog.php1000.com/admin/server-log/logs/index-data?limit=15&page=1','{\n    \"page\": \"1\",\n    \"limit\": \"15\"\n}',NULL,'172.19.0.4',1619623123),('d9969e522c88d458','1','admin','GET','http://serverlog.php1000.com/admin/server-log/logs/index?','[]',NULL,'172.19.0.7',1618815880),('d9ae499e4a3660aa','1','admin','GET','http://serverlog.php1000.com/admin/server-log/app/index?','[]',NULL,'172.19.0.7',1619357320),('d9bae32dec6b0f62','1','admin','GET','http://serverlog.php1000.com/admin/server-log/logs/index-data?limit=15&page=1','{\n    \"page\": \"1\",\n    \"limit\": \"15\"\n}',NULL,'172.19.0.7',1618814873),('da13357004a68643','1','admin','GET','http://serverlog.php1000.com/admin/server-log/app/index-data?limit=15&page=1','{\n    \"page\": \"1\",\n    \"limit\": \"15\"\n}',NULL,'172.19.0.7',1618815883),('dae09e6f0ff6965f','1','admin','GET','http://serverlog.php1000.com/admin/admin/access?id=2','{\n    \"id\": \"2\"\n}',NULL,'172.19.0.7',1619279830),('db4ac2d69c492922','1','admin','GET','http://serverlog.php1000.com/admin/server-log/logs/index-data?limit=15&page=1','{\n    \"page\": \"1\",\n    \"limit\": \"15\"\n}',NULL,'172.19.0.7',1619624066),('dcb05eecfb6f9c51','1','admin','GET','http://serverlog.php1000.com/admin/index?','[]',NULL,'172.19.0.2',1618819493),('dce80564b364b01c','1','admin','GET','http://serverlog.php1000.com/admin/server-log/logs/index?','[]',NULL,'172.19.0.7',1618814888),('dd1c4876c1e57af0','0','','POST','http://serverlog.php1000.com/admin/passport/login?','{\n    \"name\": \"admin\",\n    \"captcha\": \"5r5i\"\n}',NULL,'172.19.0.7',1619360266),('dd5833d67bd61005','1','admin','GET','http://serverlog.php1000.com/admin/index/menu?','[]',NULL,'172.19.0.7',1619622392),('dd80419af7548c6e','1','admin','GET','http://serverlog.php1000.com/admin/index/dashboard?','[]',NULL,'172.19.0.7',1619357012),('de2751123e9fe7c6','1','admin','GET','http://serverlog.php1000.com/admin/index/menu?','[]',NULL,'172.19.0.7',1619538117),('df4027a4eb89f794','1','admin','GET','http://serverlog.php1000.com/admin/index/menu?','[]',NULL,'172.19.0.7',1619537170),('dfc49ac9a6f8932b','1','admin','GET','http://serverlog.php1000.com/admin/server-log/logs/index?','[]',NULL,'172.19.0.7',1618815341),('dfe4f6e451cfcdb9','1','admin','GET','http://serverlog.php1000.com/admin/server-log/logs/index?','[]',NULL,'172.19.0.7',1619356190),('e05fd63992eca358','1','admin','GET','http://serverlog.php1000.com/admin/admin/access?id=2','{\n    \"id\": \"2\"\n}',NULL,'172.19.0.7',1619624082),('e09c40506739525b','1','admin','GET','http://serverlog.php1000.com/admin/server-log/logs/index?','[]',NULL,'172.19.0.2',1619446068),('e0b9f87d5e0e3f48','1','admin','GET','http://serverlog.php1000.com/admin/index?','[]',NULL,'172.19.0.7',1618821052),('e15d15a2ba90ccba','1','admin','GET','http://serverlog.php1000.com/admin/server-log/logs/index?','[]',NULL,'172.19.0.7',1619441659),('e179e294a1c8b3a6','1','admin','GET','http://serverlog.php1000.com/admin/index/menu?','[]',NULL,'172.19.0.7',1619537062),('e4bf220ee77a8ecd','1','admin','GET','http://serverlog.php1000.com/admin/operation-log/index-data?limit=15&page=1','{\n    \"page\": \"1\",\n    \"limit\": \"15\"\n}',NULL,'172.19.0.7',1618815339),('e5078408b335bedb','1','admin','GET','http://serverlog.php1000.com/admin/server-log/logs/index?','[]',NULL,'172.19.0.7',1619537062),('e5cdf440eb81ce35','1','admin','GET','http://serverlog.php1000.com/admin/index?','[]',NULL,'172.19.0.7',1619624533),('e5e5702dee5f81b0','1','admin','GET','http://serverlog.php1000.com/admin/index/menu?','[]',NULL,'172.19.0.7',1619622525),('e6a2a5169f899a44','1','admin','GET','http://serverlog.php1000.com/admin/attachment/index?','[]',NULL,'172.19.0.7',1619357321),('e72b8e74a800383f','1','admin','GET','http://serverlog.php1000.com/admin/index/menu?','[]',NULL,'172.19.0.7',1619622190),('e7535727c35c47dc','1','admin','GET','http://serverlog.php1000.com/admin/index?','[]',NULL,'172.19.0.7',1618815662),('e86c470e90e40f4e','1','admin','GET','http://serverlog.php1000.com/admin/index/dashboard?','[]',NULL,'172.19.0.7',1619279568),('e8eb4238a6560bed','1','admin','GET','http://serverlog.php1000.com/admin/operation-log/detail?id=2afe6a1f31ef6410','{\n    \"id\": \"2afe6a1f31ef6410\"\n}',NULL,'172.19.0.2',1618818911),('e902b4657bb6bf2a','1','admin','GET','http://serverlog.php1000.com/admin/permission/index?','[]',NULL,'172.19.0.7',1619622205),('e91159aad9fc34ea','1','admin','GET','http://serverlog.php1000.com/admin/index/menu?','[]',NULL,'172.19.0.7',1619279760),('eb2d974f826af53f','1','admin','GET','http://serverlog.php1000.com/admin/server-log/logs/index-data?limit=15&page=1','{\n    \"page\": \"1\",\n    \"limit\": \"15\"\n}',NULL,'172.19.0.7',1619357012),('eb92586343ebacb3','1','admin','GET','http://serverlog.php1000.com/admin/server-log/logs/index?','[]',NULL,'172.19.0.7',1619622348),('ebded3879b6f9d54','1','admin','GET','http://serverlog.php1000.com/admin/server-log/logs/index-data?limit=15&page=1','{\n    \"page\": \"1\",\n    \"limit\": \"15\"\n}',NULL,'172.19.0.7',1619535815),('ec216ee5e5c98b48','0','','GET','http://serverlog.php1000.com/admin/passport/captcha?','[]',NULL,'172.19.0.4',1619440779),('ec730323003c77cc','0','','GET','http://serverlog.php1000.com/admin/passport/captcha?','[]',NULL,'172.19.0.7',1619360261),('eca7f09b957be64a','1','admin','GET','http://serverlog.php1000.com/admin/index/dashboard?','[]',NULL,'172.19.0.2',1618818971),('ed22b57099ba8ea3','1','admin','GET','http://serverlog.php1000.com/admin/server-log/logs/index?','[]',NULL,'172.19.0.7',1619708105),('ed7811db5f21c5fc','1','admin','GET','http://serverlog.php1000.com/admin/server-log/logs/index-data?limit=15&page=1','{\n    \"page\": \"1\",\n    \"limit\": \"15\"\n}',NULL,'172.19.0.7',1619442550),('ee6fced1b8e50f7b','0','','GET','http://serverlog.php1000.com/admin/passport/captcha?','[]',NULL,'172.19.0.7',1619535405),('f0107e8b79114431','1','admin','GET','http://serverlog.php1000.com/admin/server-log/logs/index-data?limit=15&page=1','{\n    \"page\": \"1\",\n    \"limit\": \"15\"\n}',NULL,'172.19.0.7',1619538119),('f066feeb2c0fd8c9','1','admin','GET','http://serverlog.php1000.com/admin/index/menu?','[]',NULL,'172.19.0.7',1618815879),('f0cfb364cdc7c9ed','1','admin','GET','http://serverlog.php1000.com/admin/server-log/logs/index-data?limit=15&page=1','{\n    \"page\": \"1\",\n    \"limit\": \"15\"\n}',NULL,'172.19.0.7',1619536188),('f15ccd851f8f8890','1','admin','GET','http://serverlog.php1000.com/admin/index/dashboard?','[]',NULL,'172.19.0.7',1619624247),('f1c9871a26ef461b','1','admin','GET','http://serverlog.php1000.com/admin/index/dashboard?','[]',NULL,'172.19.0.7',1619707104),('f1ece1bdc4f9b37c','1','admin','GET','http://serverlog.php1000.com/admin/attachment/index?','[]',NULL,'172.19.0.7',1619622200),('f285b8c9d30f9aa7','1','admin','GET','http://serverlog.php1000.com/admin/server-log/logs/index?','[]',NULL,'172.19.0.2',1618819253),('f2a903fc3511d5cb','1','admin','GET','http://serverlog.php1000.com/admin/server-log/logs/detail?id=db38ea732c815969','{\n    \"id\": \"db38ea732c815969\"\n}',NULL,'172.19.0.7',1619444631),('f3eea3aec41bd418','1','admin','GET','http://serverlog.php1000.com/admin/server-log/logs/index-data?limit=15&page=1','{\n    \"page\": \"1\",\n    \"limit\": \"15\"\n}',NULL,'172.19.0.7',1619441659),('f45b62c46b7cd887','1','admin','GET','http://serverlog.php1000.com/admin/index/menu?','[]',NULL,'172.19.0.7',1619706836),('f4897dc247fe25d5','1','admin','GET','http://serverlog.php1000.com/admin/index/dashboard?','[]',NULL,'172.19.0.7',1619445172),('f518a5797fb53f4d','1','admin','GET','http://serverlog.php1000.com/admin/server-log/logs/index-data?limit=15&page=1','{\n    \"page\": \"1\",\n    \"limit\": \"15\"\n}',NULL,'172.19.0.7',1618815665),('f57d93fcb09b1e24','1','admin','GET','http://serverlog.php1000.com/admin/index/menu?','[]',NULL,'172.19.0.7',1618815151),('f629e4e464424921','1','admin','GET','http://serverlog.php1000.com/admin/index/menu?','[]',NULL,'172.19.0.7',1619624065),('f6dee7f7e9a61f47','0','','GET','http://serverlog.php1000.com/admin/passport/captcha?','[]',NULL,'172.19.0.4',1619440803),('f704c220e69f1f41','1','admin','POST','http://serverlog.php1000.com/admin/admin/delete?','{\n    \"id\": \"1\"\n}',NULL,'172.19.0.7',1619624096),('f80354a0685d4e27','1','admin','GET','http://serverlog.php1000.com/admin/index/menu?','[]',NULL,'172.19.0.7',1619445171),('f83d6fd443179c26','1','admin','GET','http://serverlog.php1000.com/admin/server-log/logs/index-data?limit=15&page=1','{\n    \"page\": \"1\",\n    \"limit\": \"15\"\n}',NULL,'172.19.0.2',1618818972),('f848cd91db87a1cd','1','admin','GET','http://serverlog.php1000.com/admin/index/menu?','[]',NULL,'172.19.0.7',1619624826),('f8a3d94fb8c3defe','1','admin','GET','http://serverlog.php1000.com/admin/index/dashboard?','[]',NULL,'172.19.0.7',1618820888),('f907489763802351','1','admin','GET','http://serverlog.php1000.com/admin/operation-log/index?','[]',NULL,'172.19.0.2',1618818908),('fa17a1aeaf42492c','1','admin','GET','http://serverlog.php1000.com/admin/attachment/index?','[]',NULL,'172.19.0.7',1619358551),('fa24a3f93625d8fe','1','admin','GET','http://serverlog.php1000.com/admin/index/dashboard?','[]',NULL,'172.19.0.7',1619622215),('fa69177aad525a41','1','admin','GET','http://serverlog.php1000.com/admin/operation-log/index?','[]',NULL,'172.19.0.7',1619358550),('fb0ffa66b23c40b8','1','admin','GET','http://serverlog.php1000.com/admin/server-log/app/index?','[]',NULL,'172.19.0.7',1619536216),('fb22ba2ed6bd5563','1','admin','GET','http://serverlog.php1000.com/admin/server-log/logs/index-data?limit=15&page=1','{\n    \"page\": \"1\",\n    \"limit\": \"15\"\n}',NULL,'172.19.0.7',1619279817),('fb8312c152c78b0a','0','','GET','http://serverlog.php1000.com/admin/passport/login?','[]',NULL,'172.19.0.3',1620399391),('fbe9a1e6f5b73a1a','1','admin','POST','http://serverlog.php1000.com/admin/server-log/app/update?id=a1d455bed0d98ce4','{\n    \"name\": \"333\",\n    \"app_id\": \"SL202104191729117552\",\n    \"app_secret\": \"f0d7576989de5cdb9d307672080368b7\",\n    \"description\": \"33\",\n    \"allow_origin\": \"on\",\n    \"is_check\": \"on\",\n    \"sort\": \"100\",\n    \"status\": \"on\",\n    \"id\": \"a1d455bed0d98ce4\"\n}',NULL,'172.19.0.7',1619280209),('fc43bb49ed597d2b','1','admin','GET','http://serverlog.php1000.com/admin/index/menu?','[]',NULL,'172.19.0.7',1619536187),('fca8f7bf190bdf00','1','admin','GET','http://serverlog.php1000.com/admin/attachment/index-data?limit=15&page=1','{\n    \"page\": \"1\",\n    \"limit\": \"15\"\n}',NULL,'172.19.0.7',1619358756),('fd469480eccc300e','1','admin','GET','http://serverlog.php1000.com/admin/server-log/logs/index-data?limit=15&page=1','{\n    \"page\": \"1\",\n    \"limit\": \"15\"\n}',NULL,'172.19.0.7',1619536050),('fdcf5aa1ea50b900','0','','GET','http://serverlog.php1000.com/admin/passport/captcha?','[]',NULL,'172.19.0.7',1619279346),('fe1018c7519e6823','1','admin','GET','http://serverlog.php1000.com/admin/server-log/logs/index?','[]',NULL,'172.19.0.7',1619279387),('fe30321e7ea0baeb','1','admin','GET','http://serverlog.php1000.com/admin/index/dashboard?','[]',NULL,'172.19.0.7',1619624065),('fe4f10cffb1bb61c','1','admin','GET','http://serverlog.php1000.com/admin/index/dashboard?','[]',NULL,'172.19.0.7',1618815126),('ff39d4351618a4a7','1','admin','GET','http://serverlog.php1000.com/admin/index/menu?','[]',NULL,'172.19.0.7',1619280131),('ff485ce555356101','1','admin','GET','http://serverlog.php1000.com/admin/role/index-data?limit=15&page=1','{\n    \"page\": \"1\",\n    \"limit\": \"15\"\n}',NULL,'172.19.0.7',1619622204),('ffe30a92c2c1b9c9','1','admin','GET','http://serverlog.php1000.com/admin/server-log/logs/index-data?limit=15&page=1','{\n    \"page\": \"1\",\n    \"limit\": \"15\"\n}',NULL,'172.19.0.7',1619535419),('ffec561379bce2b4','1','admin','GET','http://serverlog.php1000.com/admin/index?','[]',NULL,'172.19.0.7',1618815125);
/*!40000 ALTER TABLE `server_operation_log` ENABLE KEYS */;

#
# Structure for table "server_permissions"
#

DROP TABLE IF EXISTS `server_permissions`;
CREATE TABLE `server_permissions` (
  `id` bigint(20) unsigned NOT NULL AUTO_INCREMENT,
  `parent_id` int(11) NOT NULL,
  `name` varchar(255) COLLATE utf8mb4_unicode_ci NOT NULL,
  `display_name` varchar(50) COLLATE utf8mb4_unicode_ci NOT NULL COMMENT '名称',
  `url` varchar(255) COLLATE utf8mb4_unicode_ci NOT NULL,
  `method` varchar(10) CHARACTER SET utf8mb4 DEFAULT 'GET' COMMENT '请求方式',
  `target` varchar(10) CHARACTER SET utf8mb4 DEFAULT '_self' COMMENT '跳转',
  `icon` varchar(35) CHARACTER SET utf8mb4 NOT NULL DEFAULT '' COMMENT '图标',
  `guard_name` varchar(255) COLLATE utf8mb4_unicode_ci NOT NULL,
  `is_menu` tinyint(1) NOT NULL DEFAULT 0 COMMENT '1-菜单',
  `is_click` tinyint(1) NOT NULL DEFAULT 0 COMMENT '1-可点击',
  `sort` smallint(6) NOT NULL DEFAULT 0 COMMENT '排序，数字越小越在前面',
  `created_at` timestamp NULL DEFAULT NULL,
  `updated_at` timestamp NULL DEFAULT NULL,
  PRIMARY KEY (`id`)
) ENGINE=MyISAM AUTO_INCREMENT=77 DEFAULT CHARSET=utf8mb4 COLLATE=utf8mb4_unicode_ci;

#
# Data for table "server_permissions"
#

/*!40000 ALTER TABLE `server_permissions` DISABLE KEYS */;
INSERT INTO `server_permissions` VALUES (1,0,'GET:/admin/system','常规管理','/admin/system','GET','_self','','web',1,0,1000,'2021-03-31 03:59:44','2021-03-31 05:07:25'),(2,1,'GET:/admin/permission','权限管理','/admin/permission','GET','_self','fa-cogs','web',1,0,1015,'2021-03-31 04:00:12','2021-03-31 05:36:01'),(3,2,'GET:/admin/role/index','角色','/admin/role/index','GET','_self','fa-user','web',1,1,1005,'2021-03-31 04:08:23','2021-03-31 01:43:26'),(4,2,'GET:/admin/permission/index','权限菜单','/admin/permission/index','GET','_self','fa-window-maximize','web',1,1,1010,'2021-03-31 04:09:00','2021-03-31 05:35:15'),(5,2,'GET:/admin/admin/index','管理员','/admin/admin/index','GET','_self','fa-user-md','web',1,1,1000,'2021-03-31 04:10:18','2021-03-31 02:41:55'),(7,11,'GET:/admin/passport/login','登陆','/admin/passport/login','GET','_self','','web',0,0,1005,'2021-03-31 01:45:51','2021-03-31 02:34:33'),(8,11,'POST:/admin/passport/login','登陆','/admin/passport/login','POST','_self','','web',0,0,1006,'2021-03-31 01:46:22','2021-03-31 02:34:36'),(9,11,'GET:/admin/passport/captcha','验证码','/admin/passport/captcha','GET','_self','','web',0,0,1000,'2021-03-31 01:47:00','2021-03-31 02:34:27'),(10,11,'GET:/admin/passport/logout','退出','/admin/passport/logout','GET','_self','','web',0,0,1010,'2021-03-31 01:47:35','2021-03-31 02:34:39'),(11,1,'GET:/admin/passport','用户登陆','/admin/passport','GET','_self','','web',0,0,1005,'2021-03-31 01:56:03','2021-03-31 02:33:56'),(12,1,'GET:/admin/index','后台','/admin/index','GET','_self','','web',0,0,1000,'2021-03-31 01:57:58','2021-03-31 02:33:50'),(13,12,'GET:/admin/index/dashboard','控制台','/admin/index/dashboard','GET','_self','fa-home','web',0,0,1000,'2021-03-31 02:00:10','2021-03-31 02:34:55'),(14,12,'GET:/admin/index/menu','左侧菜单','/admin/index/menu','GET','_self','','web',0,0,1003,'2021-03-31 02:00:47','2021-03-31 02:01:35'),(15,12,'POST:/admin/index/clear','清空缓存','/admin/index/clear','POST','_self','','web',0,0,1005,'2021-03-31 02:01:16','2021-03-31 02:35:00'),(16,1,'GET:/admin/profile','个人资料','/admin/profile','GET','_self','','web',0,0,1010,'2021-03-31 02:27:48','2021-03-31 02:34:00'),(17,16,'GET:/admin/profile/setting','设置','/admin/profile/setting','GET','_self','','web',0,0,1000,'2021-03-31 02:28:20','2021-03-31 02:28:20'),(18,16,'POST:/admin/profile/setting','设置','/admin/profile/setting','POST','_self','','web',0,0,1000,'2021-03-31 02:28:44','2021-03-31 02:28:44'),(19,16,'GET:/admin/profile/password','更改密码','/admin/profile/password','GET','_self','','web',0,0,1000,'2021-03-31 02:29:04','2021-03-31 02:29:04'),(20,16,'POST:/admin/profile/password','更改密码','/admin/profile/password','POST','_self','','web',0,0,1000,'2021-03-31 02:29:20','2021-03-31 02:29:20'),(21,3,'GET:/admin/role/index-data','角色数据','/admin/role/index-data','GET','_self','','web',0,0,1000,'2021-03-31 02:45:50','2021-03-31 02:45:50'),(22,3,'GET:/admin/role/tree','角色结构','/admin/role/tree','GET','_self','','web',0,0,1000,'2021-03-31 02:47:31','2021-03-31 02:47:31'),(23,3,'GET:/admin/role/tree-data','结构数据','/admin/role/tree-data','GET','_self','','web',0,0,1000,'2021-03-31 02:47:51','2021-03-31 02:47:51'),(24,3,'GET:/admin/role/create','创建角色','/admin/role/create','GET','_self','','web',0,0,1000,'2021-03-31 02:48:25','2021-03-31 02:48:25'),(25,3,'POST:/admin/role/create','创建角色','/admin/role/create','POST','_self','','web',0,0,1000,'2021-03-31 02:48:44','2021-03-31 02:48:44'),(26,3,'GET:/admin/role/update','更新角色','/admin/role/update','GET','_self','','web',0,0,1000,'2021-03-31 02:49:13','2021-03-31 02:49:13'),(27,3,'POST:/admin/role/update','更新角色','/admin/role/update','POST','_self','','web',0,0,1000,'2021-03-31 02:49:26','2021-03-31 02:49:26'),(28,3,'GET:/admin/role/access','角色授权','/admin/role/access','GET','_self','','web',0,0,1000,'2021-03-31 02:49:57','2021-03-31 02:49:57'),(29,3,'POST:/admin/role/access','角色授权','/admin/role/access','POST','_self','','web',0,0,1000,'2021-03-31 02:50:16','2021-03-31 02:50:16'),(30,3,'POST:/admin/role/delete','删除角色','/admin/role/delete','POST','_self','','web',0,0,1000,'2021-03-31 02:50:34','2021-03-31 02:50:34'),(31,3,'POST:/admin/role/sort','角色排序','/admin/role/sort','POST','_self','','web',0,0,1000,'2021-03-31 02:50:55','2021-03-31 02:50:55'),(32,4,'GET:/admin/permission/index-data','权限数据','/admin/permission/index-data','GET','_self','','web',0,0,1000,'2021-03-31 02:51:32','2021-03-31 02:51:32'),(33,4,'GET:/admin/permission/menu','权限菜单','/admin/permission/menu','GET','_self','','web',0,0,1000,'2021-03-31 02:51:51','2021-03-31 02:51:51'),(34,4,'GET:/admin/permission/menu-data','权限菜单数据','/admin/permission/menu-data','GET','_self','','web',0,0,1000,'2021-03-31 02:52:07','2021-03-31 02:52:07'),(35,4,'GET:/admin/permission/create','创建权限','/admin/permission/create','GET','_self','','web',0,0,1000,'2021-03-31 02:52:25','2021-03-31 02:52:25'),(36,4,'POST:/admin/permission/create','创建权限','/admin/permission/create','POST','_self','','web',0,0,1000,'2021-03-31 02:52:42','2021-03-31 02:52:42'),(37,4,'GET:/admin/permission/update','更新权限','/admin/permission/update','GET','_self','','web',0,0,1000,'2021-03-31 02:53:00','2021-03-31 02:53:00'),(38,4,'POST:/admin/permission/update','更新权限','/admin/permission/update','POST','_self','','web',0,0,1000,'2021-03-31 02:53:19','2021-03-31 02:53:19'),(39,4,'POST:/admin/permission/delete','删除权限','/admin/permission/delete','POST','_self','','web',0,0,1000,'2021-03-31 02:53:37','2021-03-31 02:53:37'),(40,4,'POST:/admin/permission/sort','权限排序','/admin/permission/sort','POST','_self','','web',0,0,1000,'2021-03-31 02:53:54','2021-03-31 02:53:54'),(41,4,'POST:/admin/permission/setmenu','菜单状态','/admin/permission/setmenu','POST','_self','','web',0,0,1000,'2021-03-31 02:54:24','2021-03-31 02:59:01'),(42,5,'GET:/admin/admin/index-data','管理员数据','/admin/admin/index-data','GET','_self','','web',0,0,1000,'2021-03-31 02:55:06','2021-03-31 02:55:06'),(43,5,'GET:/admin/admin/create','添加管理员','/admin/admin/create','GET','_self','','web',0,0,1000,'2021-03-31 02:55:23','2021-03-31 02:55:23'),(44,5,'POST:/admin/admin/create','添加管理员','/admin/admin/create','POST','_self','','web',0,0,1000,'2021-03-31 02:55:38','2021-03-31 02:55:38'),(45,5,'GET:/admin/admin/update','更新管理员信息','/admin/admin/update','GET','_self','','web',0,0,1000,'2021-03-31 02:56:14','2021-03-31 02:56:14'),(46,5,'POST:/admin/admin/update','更新管理员信息','/admin/admin/update','POST','_self','','web',0,0,1000,'2021-03-31 02:56:33','2021-03-31 02:56:33'),(47,5,'POST:/admin/admin/delete','删除管理员','/admin/admin/delete','POST','_self','','web',0,0,1000,'2021-03-31 02:57:24','2021-03-31 02:57:24'),(48,5,'GET:/admin/admin/password','更改密码','/admin/admin/password','GET','_self','','web',0,0,1000,'2021-03-31 02:57:43','2021-03-31 02:57:43'),(49,5,'POST:/admin/admin/password','更改密码','/admin/admin/password','POST','_self','','web',0,0,1000,'2021-03-31 02:57:58','2021-03-31 02:57:58'),(50,5,'GET:/admin/admin/access','授权设置','/admin/admin/access','GET','_self','','web',0,0,1000,'2021-03-31 02:58:17','2021-03-31 02:58:17'),(51,5,'POST:/admin/admin/access','授权设置','/admin/admin/access','POST','_self','','web',0,0,1000,'2021-03-31 02:58:31','2021-03-31 02:58:31'),(52,57,'GET:/admin/attachment/index','附件管理','/admin/attachment/index','GET','_self','fa-file-o','web',1,1,1000,'2021-03-31 06:26:27','2021-04-19 18:14:49'),(53,52,'GET:/admin/attachment/index-data','附件数据','/admin/attachment/index-data','GET','_self','','web',0,0,1000,'2021-03-31 06:26:45','2021-03-31 06:28:14'),(54,52,'GET:/admin/attachment/detail','附件详情','/admin/attachment/detail','GET','_self','','web',0,0,1000,'2021-03-31 06:28:54','2021-03-31 06:28:54'),(55,52,'POST:/admin/attachment/delete','附件删除','/admin/attachment/delete','POST','_self','','web',0,0,1000,'2021-03-31 06:29:14','2021-03-31 06:29:14'),(56,12,'POST:/admin/upload/file','文件上传','/admin/upload/file','POST','_self','','web',0,0,1006,'2021-03-31 06:34:49','2021-03-31 06:35:04'),(57,1,'GET:/admin/systems','系统管理','/admin/systems','GET','_self','fa-cog','web',1,0,1020,'2021-04-19 18:02:47','2021-04-19 18:03:33'),(58,57,'GET:/admin/operation-log/index','日志管理','/admin/operation-log/index','GET','_self','fa-bookmark-o','web',1,1,1005,'2021-04-19 18:14:28','2021-04-19 18:14:46'),(59,58,'GET:/admin/operation-log/index-data','日志数据','/admin/operation-log/index-data','GET','_self','','web',0,0,1000,'2021-04-19 18:15:11','2021-04-19 18:15:11'),(60,58,'GET:/admin/operation-log/detail','日志详情','/admin/operation-log/detail','GET','_self','','web',0,0,1000,'2021-04-19 18:15:29','2021-04-19 18:15:29'),(61,58,'POST:/admin/operation-log/delete','删除日志','/admin/operation-log/delete','POST','_self','','web',0,0,1000,'2021-04-19 18:15:47','2021-04-19 18:15:47'),(62,58,'POST:/admin/operation-log/clear','清空日志','/admin/operation-log/clear','POST','_self','','web',0,0,1000,'2021-04-19 18:46:19','2021-04-19 18:46:19'),(63,1,'GET:/admin/server-log','日志系统','/admin/server-log','GET','_self','fa-bars','web',1,0,1025,'2021-04-20 13:18:16','2021-04-20 13:19:09'),(64,63,'GET:/admin/server-log/app/index','应用管理','/admin/server-log/app/index','GET','_self','fa-bullseye','web',1,1,1000,'2021-04-20 13:20:11','2021-04-20 13:20:11'),(65,63,'GET:/admin/server-log/logs/index','日志列表','/admin/server-log/logs/index','GET','_self','fa-book','web',1,1,1005,'2021-04-20 13:20:43','2021-04-20 20:31:19'),(66,64,'GET:/admin/server-log/app/index-data','应用数据','/admin/server-log/app/index-data','GET','_self','','web',0,0,1000,'2021-04-20 13:21:11','2021-04-20 13:21:11'),(67,64,'GET:/admin/server-log/app/create','创建应用','/admin/server-log/app/create','GET','_self','','web',0,0,1000,'2021-04-20 13:21:27','2021-04-20 13:21:27'),(68,64,'POST:/admin/server-log/app/create','创建应用','/admin/server-log/app/create','POST','_self','','web',0,0,1000,'2021-04-20 13:21:42','2021-04-20 13:21:42'),(69,64,'GET:/admin/server-log/app/update','更新应用','/admin/server-log/app/update','GET','_self','','web',0,0,1000,'2021-04-20 13:22:00','2021-04-20 13:22:00'),(70,64,'POST:/admin/server-log/app/update','更新应用','/admin/server-log/app/update','POST','_self','','web',0,0,1000,'2021-04-20 13:22:14','2021-04-20 13:22:14'),(71,64,'GET:/admin/server-log/app/detail','应用详情','/admin/server-log/app/detail','GET','_self','','web',0,0,1000,'2021-04-20 13:22:29','2021-04-20 13:22:29'),(72,64,'POST:/admin/server-log/app/delete','删除应用','/admin/server-log/app/delete','POST','_self','','web',0,0,1000,'2021-04-20 13:22:43','2021-04-20 13:22:43'),(73,65,'GET:/admin/server-log/logs/index-data','日志数据','/admin/server-log/logs/index-data','GET','_self','','web',0,0,1000,'2021-04-20 13:23:22','2021-04-20 13:23:22'),(74,65,'GET:/admin/server-log/logs/detail','日志详情','/admin/server-log/logs/detail','GET','_self','','web',0,0,1000,'2021-04-20 13:23:35','2021-04-20 13:23:35'),(75,65,'POST:/admin/server-log/logs/delete','删除日志','/admin/server-log/logs/delete','POST','_self','','web',0,0,1000,'2021-04-20 13:23:51','2021-04-20 13:23:51'),(76,65,'POST:/admin/server-log/logs/clear','清空日志','/admin/server-log/logs/clear','POST','_self','','web',0,0,1000,'2021-04-20 13:24:05','2021-04-20 13:24:05');
/*!40000 ALTER TABLE `server_permissions` ENABLE KEYS */;

#
# Structure for table "server_role_has_permissions"
#

DROP TABLE IF EXISTS `server_role_has_permissions`;
CREATE TABLE `server_role_has_permissions` (
  `permission_id` bigint(20) unsigned NOT NULL,
  `role_id` bigint(20) unsigned NOT NULL,
  PRIMARY KEY (`permission_id`,`role_id`),
  KEY `role_has_permissions_role_id_foreign` (`role_id`)
) ENGINE=MyISAM DEFAULT CHARSET=utf8mb4 COLLATE=utf8mb4_unicode_ci;

#
# Data for table "server_role_has_permissions"
#

/*!40000 ALTER TABLE `server_role_has_permissions` DISABLE KEYS */;
INSERT INTO `server_role_has_permissions` VALUES (1,1),(1,2),(1,3),(1,4),(1,5),(2,1),(2,2),(2,4),(2,5),(3,1),(3,4),(4,1),(5,2),(7,2),(7,3),(7,4),(7,5),(8,2),(8,3),(8,4),(8,5),(9,2),(9,3),(9,4),(9,5),(10,2),(10,3),(10,4),(10,5),(11,2),(11,3),(11,4),(11,5),(12,2),(12,3),(12,4),(12,5),(13,2),(13,3),(13,4),(13,5),(14,2),(14,3),(14,4),(14,5),(15,2),(15,3),(15,4),(15,5),(16,2),(16,3),(16,4),(16,5),(17,2),(17,3),(17,4),(17,5),(18,2),(18,3),(18,4),(18,5),(19,2),(19,3),(19,4),(20,2),(20,3),(20,4),(21,4),(22,4),(23,4),(24,4),(25,4),(26,4),(27,4),(28,4),(29,4),(30,4),(31,4),(42,2),(43,2),(44,2),(45,2),(46,2),(47,2),(48,2),(49,2),(50,2),(51,2),(52,5),(53,5),(54,5),(55,5),(56,5);
/*!40000 ALTER TABLE `server_role_has_permissions` ENABLE KEYS */;

#
# Structure for table "server_roles"
#

DROP TABLE IF EXISTS `server_roles`;
CREATE TABLE `server_roles` (
  `id` bigint(20) unsigned NOT NULL AUTO_INCREMENT,
  `parent_id` int(11) DEFAULT 0,
  `name` varchar(255) COLLATE utf8mb4_unicode_ci NOT NULL,
  `description` varchar(200) COLLATE utf8mb4_unicode_ci NOT NULL,
  `guard_name` varchar(255) COLLATE utf8mb4_unicode_ci NOT NULL,
  `sort` smallint(6) NOT NULL DEFAULT 1000 COMMENT '排序，数字越小越在前面',
  `created_at` timestamp NULL DEFAULT NULL,
  `updated_at` timestamp NULL DEFAULT NULL,
  PRIMARY KEY (`id`)
) ENGINE=MyISAM AUTO_INCREMENT=7 DEFAULT CHARSET=utf8mb4 COLLATE=utf8mb4_unicode_ci;

#
# Data for table "server_roles"
#

/*!40000 ALTER TABLE `server_roles` DISABLE KEYS */;
INSERT INTO `server_roles` VALUES (1,0,'管理员','管理员','web',1000,'2021-03-31 03:53:48','2021-03-31 03:53:48'),(2,1,'编辑','网站编辑','web',1000,'2021-03-31 03:02:45','2021-03-31 03:02:45'),(3,1,'审核员','网站审核员','web',1000,'2021-03-31 03:03:43','2021-03-31 03:03:43'),(4,2,'站外编辑','网站站外编辑','web',1005,'2021-03-31 03:04:30','2021-03-31 03:20:06'),(5,1,'站外审核员','网站站外审核员','web',1005,'2021-03-31 03:05:15','2021-03-31 04:30:53');
/*!40000 ALTER TABLE `server_roles` ENABLE KEYS */;

#
# Structure for table "server_serverlog_app"
#

DROP TABLE IF EXISTS `server_serverlog_app`;
CREATE TABLE `server_serverlog_app` (
  `id` char(16) CHARACTER SET utf8mb4 NOT NULL DEFAULT '' COMMENT 'id',
  `name` varchar(150) CHARACTER SET utf8mb4 NOT NULL DEFAULT '',
  `app_id` varchar(20) CHARACTER SET utf8mb4 NOT NULL DEFAULT '',
  `app_secret` char(32) CHARACTER SET utf8mb4 NOT NULL DEFAULT '',
  `description` varchar(250) CHARACTER SET utf8mb4 NOT NULL DEFAULT '' COMMENT '授权描述',
  `allow_origin` tinyint(1) NOT NULL DEFAULT 0 COMMENT '允许跨域，1-允许',
  `is_check` tinyint(1) NOT NULL DEFAULT 1 COMMENT '1-需要验证',
  `sort` smallint(5) DEFAULT 100 COMMENT '排序',
  `status` tinyint(1) NOT NULL DEFAULT 1 COMMENT '状态，1-开启',
  `created_at` timestamp NULL DEFAULT NULL,
  `updated_at` timestamp NULL DEFAULT NULL,
  PRIMARY KEY (`id`),
  KEY `app_id` (`app_id`)
) ENGINE=MyISAM DEFAULT CHARSET=utf8mb4 COLLATE=utf8mb4_unicode_ci ROW_FORMAT=DYNAMIC COMMENT='日志APP授权';

#
# Data for table "server_serverlog_app"
#

/*!40000 ALTER TABLE `server_serverlog_app` DISABLE KEYS */;
INSERT INTO `server_serverlog_app` VALUES ('815966c394a81c01','222','SL202104191728085997','2d771388b5f9532b7035f4f2923b80e5','22222',1,1,100,1,'2021-04-19 17:28:08','2021-04-19 17:30:04'),('a1d455bed0d98ce4','333','SL202104191729117552','f0d7576989de5cdb9d307672080368b7','33',1,1,100,1,'2021-04-19 17:29:11','2021-04-25 00:03:29');
/*!40000 ALTER TABLE `server_serverlog_app` ENABLE KEYS */;

#
# Structure for table "server_serverlog_log"
#

DROP TABLE IF EXISTS `server_serverlog_log`;
CREATE TABLE `server_serverlog_log` (
  `id` char(16) CHARACTER SET utf8mb4 NOT NULL DEFAULT '',
  `app_id` varchar(20) CHARACTER SET utf8mb4 NOT NULL DEFAULT '',
  `content` text COLLATE utf8mb4_unicode_ci DEFAULT NULL COMMENT '日志内容',
  `add_time` int(10) DEFAULT NULL COMMENT '添加时间',
  `add_ip` varchar(50) CHARACTER SET utf8mb4 DEFAULT NULL COMMENT '添加IP',
  `created_at` timestamp NULL DEFAULT NULL,
  `updated_at` timestamp NULL DEFAULT NULL,
  PRIMARY KEY (`id`),
  KEY `app_id` (`app_id`)
) ENGINE=MyISAM DEFAULT CHARSET=utf8mb4 COLLATE=utf8mb4_unicode_ci COMMENT='日志';

#
# Data for table "server_serverlog_log"
#

/*!40000 ALTER TABLE `server_serverlog_log` DISABLE KEYS */;
INSERT INTO `server_serverlog_log` VALUES ('db38ea732c815969','SL202104191728085997','{\"app_id\":\"SL202104191728085997\",\"timestamp\":1619442553,\"nonce_str\":\"xMuxYEJ2S2zMbISm\",\"id\":\"wewresdd\",\"data\":\"数据情况\",\"time\":\"2021-04-26 21:09:13\",\"sign\":\"FF09A550725CEB93D3F88FCCF2B5DB54\"}',1619442546,'172.19.0.7','2021-04-26 21:09:06','2021-04-26 21:09:06');
/*!40000 ALTER TABLE `server_serverlog_log` ENABLE KEYS */;
